05/07/2021,E-TRANSFER CA***rdN ,,2000.00,27651.99
05/07/2021,E-TRANSFER CA***Cfe ,,1100.00,28751.99
05/07/2021,E-TRANSFER CA***8zB ,,10.00,28761.99
05/07/2021,E-TRANSFER CA***SYH ,,1650.00,30411.99
05/07/2021,E-TRANSFER CA***eKX ,,1450.00,31861.99
05/07/2021,SEND E-TFR CA***z7Y ,2000.00,,29861.99
05/07/2021,SEND E-TFR FEE      ,1.50,,29860.49
05/07/2021,E-TRANSFER CA***V3x ,,1000.00,30860.49
05/07/2021,E-TRANSFER CA***Rfe ,,80.00,30940.49
05/07/2021,E-TRANSFER CA***jUg ,,1000.00,31940.49
05/07/2021,E-TRANSFER CA***XHE ,,409.00,32349.49
05/07/2021,E-TRANSFER CA***aku ,,200.00,32549.49
05/07/2021,E-TRANSFER CA***Jw8 ,,26.50,32575.99
05/07/2021,E-TRANSFER CA***aNX ,,1635.00,34210.99
05/07/2021,E-TRANSFER CA***rhR ,,493.00,34703.99
05/07/2021,E-TRANSFER CA***h7y ,,432.00,35135.99
05/10/2021,E-TRANSFER CA***qbT ,,99.00,35234.99
05/10/2021,E-TRANSFER CA***eyu ,,200.00,35434.99
05/10/2021,E-TRANSFER CA***a3B ,,70.00,35504.99
05/10/2021,E-TRANSFER CA***7Au ,,490.00,35994.99
05/10/2021,E-TRANSFER CA***FcB ,,1500.00,37494.99
05/10/2021,E-TRANSFER CA***2rR ,,561.00,38055.99
05/10/2021,E-TRANSFER CA***BKA ,,1500.00,39555.99
05/10/2021,E-TRANSFER CA***gaq ,,100.00,39655.99
05/10/2021,E-TRANSFER CA***Evp ,,300.00,39955.99
05/10/2021,E-TRANSFER CA***hFG ,,10.00,39965.99
05/10/2021,E-TRANSFER CA***7x9 ,,10.00,39975.99
05/10/2021,E-TRANSFER CA***8hT ,,3000.00,42975.99
05/10/2021,E-TRANSFER CA***95u ,,1000.00,43975.99
05/10/2021,E-TRANSFER CA***esy ,,250.00,44225.99
05/10/2021,E-TRANSFER CA***ZD5 ,,90.00,44315.99
05/10/2021,E-TRANSFER CA***2TT ,,10.00,44325.99
05/10/2021,E-TRANSFER CA***jmc ,,100.00,44425.99
05/10/2021,E-TRANSFER CA***hdQ ,,100.00,44525.99
05/10/2021,E-TRANSFER CA***xdN ,,100.00,44625.99
05/10/2021,E-TRANSFER CA***rEu ,,400.00,45025.99
05/10/2021,E-TRANSFER CA***gSw ,,250.00,45275.99
05/10/2021,E-TRANSFER CA***B3a ,,200.00,45475.99
05/10/2021,E-TRANSFER CA***cge ,,115.00,45590.99
05/10/2021,RECLAIM TFR CA***Kzy,,79.00,45669.99
05/10/2021,REVERSE E-TFR FEE   ,,1.50,45671.49
05/10/2021,E-TRANSFER CA***y4G ,,165.00,45836.49
05/10/2021,E-TRANSFER CA***kTz ,,400.00,46236.49
05/10/2021,CAD DRAFT 94781766  ,25009.95,,21226.54
05/10/2021,E-TRANSFER CA***8cy ,,830.00,22056.54
05/10/2021,E-TRANSFER CA***tNJ ,,650.00,22706.54
05/10/2021,E-TRANSFER CA***Nh8 ,,500.00,23206.54
05/10/2021,E-TRANSFER CA***vs9 ,,3000.00,26206.54
05/10/2021,E-TRANSFER CA***tXG ,,655.00,26861.54
05/10/2021,E-TRANSFER CA***ffp ,,10.00,26871.54
05/11/2021,E-TRANSFER CA***gej ,,1600.00,28471.54
05/11/2021,E-TRANSFER CA***fGC ,,1000.00,29471.54
05/11/2021,E-TRANSFER CA***CbF ,,400.00,29871.54
05/11/2021,E-TRANSFER CA***dD8 ,,105.00,29976.54
05/11/2021,E-TRANSFER CA***YPU ,,100.00,30076.54
05/11/2021,TRANSFER            ,3000.00,,27076.54
05/11/2021,E-TRANSFER CA***TQ4 ,,200.00,27276.54
05/11/2021,E-TRANSFER CA***wzm ,,150.00,27426.54
05/11/2021,E-TRANSFER CA***zKt ,,163.00,27589.54
05/12/2021,E-TRANSFER CA***MFR ,,2500.00,30089.54
05/12/2021,E-TRANSFER CA***Cpg ,,1.00,30090.54
05/12/2021,E-TRANSFER CA***Pe3 ,,49.00,30139.54
05/12/2021,SEND E-TFR CA***QkW ,2500.00,,27639.54
05/12/2021,E-TRANSFER CA***H8h ,,1545.00,29184.54
05/12/2021,CAD DRAFT 94781835  ,20009.95,,9174.59
05/12/2021,E-TRANSFER CA***7hu ,,2999.00,12173.59
05/12/2021,E-TRANSFER CA***nj9 ,,300.00,12473.59
05/12/2021,E-TRANSFER CA***yEa ,,35.00,12508.59
05/13/2021,E-TRANSFER CA***Jr4 ,,400.00,12908.59
05/14/2021,E-TRANSFER CA***ETt ,,2999.00,15907.59
05/14/2021,E-TRANSFER CA***2Uh ,,1000.00,16907.59
05/14/2021,E-TRANSFER CA***VXd ,,30.00,16937.59
05/14/2021,E-TRANSFER CA***RNf ,,50.00,16987.59
05/14/2021,E-TRANSFER CA***78n ,,300.00,17287.59
05/14/2021,E-TRANSFER CA***aMS ,,76.00,17363.59
05/14/2021,E-TRANSFER CA***uPN ,,245.00,17608.59
05/17/2021,E-TRANSFER CA***y3M ,,1000.00,18608.59
05/17/2021,E-TRANSFER CA***En5 ,,1000.00,19608.59
05/17/2021,E-TRANSFER CA***a9M ,,245.00,19853.59
05/17/2021,E-TRANSFER CA***wxQ ,,2370.00,22223.59
05/17/2021,E-TRANSFER CA***8Kp ,,1650.00,23873.59
05/17/2021,E-TRANSFER CA***CmZ ,,170.00,24043.59
05/17/2021,E-TRANSFER CA***h7e ,,500.00,24543.59
05/17/2021,E-TRANSFER CA***P3K ,,488.00,25031.59
05/17/2021,E-TRANSFER CA***76U ,,244.00,25275.59
05/17/2021,E-TRANSFER CA***GRw ,,300.00,25575.59
05/17/2021,E-TRANSFER CA***prh ,,100.00,25675.59
05/17/2021,E-TRANSFER CA***HB9 ,,660.00,26335.59
05/17/2021,E-TRANSFER CA***kuw ,,500.00,26835.59
05/17/2021,E-TRANSFER CA***DB5 ,,10.00,26845.59
05/17/2021,E-TRANSFER CA***QRd ,,164.00,27009.59
05/17/2021,E-TRANSFER CA***jZ8 ,,1600.00,28609.59
05/17/2021,E-TRANSFER CA***yQV ,,10.00,28619.59
05/17/2021,E-TRANSFER CA***Zcn ,,20.00,28639.59
05/17/2021,E-TRANSFER CA***k9V ,,80.00,28719.59
05/17/2021,E-TRANSFER CA***FAQ ,,63.00,28782.59
05/17/2021,E-TRANSFER CA***4mR ,,200.00,28982.59
05/17/2021,E-TRANSFER CA***qtd ,,82.00,29064.59
05/17/2021,E-TRANSFER CA***zZg ,,700.00,29764.59
05/17/2021,E-TRANSFER CA***jzz ,,1635.00,31399.59
05/17/2021,E-TRANSFER CA***mcM ,,200.00,31599.59
05/17/2021,E-TRANSFER CA***Fen ,,20.00,31619.59
05/17/2021,E-TRANSFER CA***gRk ,,817.00,32436.59
05/17/2021,E-TRANSFER CA***T29 ,,170.00,32606.59
05/17/2021,E-TRANSFER CA***xYE ,,1200.00,33806.59
05/17/2021,E-TRANSFER CA***TEP ,,1000.00,34806.59
05/17/2021,E-TRANSFER CA***8rn ,,230.00,35036.59
05/17/2021,E-TRANSFER CA***skS ,,999.00,36035.59
05/17/2021,E-TRANSFER CA***mWd ,,200.00,36235.59
05/17/2021,E-TRANSFER CA***JeG ,,2000.00,38235.59
05/17/2021,E-TRANSFER CA***mJe ,,1000.00,39235.59
05/17/2021,E-TRANSFER CA***35T ,,635.00,39870.59
05/17/2021,E-TRANSFER CA***gq8 ,,1800.00,41670.59
05/17/2021,E-TRANSFER CA***8DQ ,,163.00,41833.59
05/17/2021,E-TRANSFER CA***8Jy ,,10.00,41843.59
05/17/2021,E-TRANSFER CA***yTa ,,2990.00,44833.59
05/17/2021,E-TRANSFER CA***mGm ,,10.00,44843.59
05/17/2021,E-TRANSFER CA***gKR ,,25.00,44868.59
05/17/2021,CAD DRAFT 94781915  ,25009.95,,19858.64
05/17/2021,CASH WITHDRAWAL     ,260.00,,19598.64
05/17/2021,E-TRANSFER CA***cAt ,,2500.00,22098.64
05/17/2021,E-TRANSFER CA***snf ,,720.00,22818.64
05/17/2021,E-TRANSFER CA***RTy ,,1.00,22819.64
05/17/2021,E-TRANSFER CA***D6J ,,330.08,23149.72
05/17/2021,E-TRANSFER CA***MjW ,,3000.00,26149.72
05/17/2021,E-TRANSFER CA***UMe ,,245.00,26394.72
05/17/2021,E-TRANSFER CA***8Fb ,,100.00,26494.72
05/17/2021,E-TRANSFER CA***cQH ,,1700.00,28194.72
05/17/2021,E-TRANSFER CA***Mrc ,,1000.00,29194.72
05/17/2021,E-TRANSFER CA***nBD ,,2000.00,31194.72
05/17/2021,E-TRANSFER CA***GqJ ,,500.00,31694.72
05/17/2021,E-TRANSFER CA***5QK ,,250.00,31944.72
05/17/2021,E-TRANSFER CA***tSC ,,50.00,31994.72
05/17/2021,E-TRANSFER CA***aK7 ,,50.00,32044.72
05/17/2021,E-TRANSFER CA***AjP ,,350.00,32394.72
05/17/2021,E-TRANSFER CA***mKk ,,2999.00,35393.72
05/17/2021,E-TRANSFER CA***Nph ,,140.00,35533.72
05/17/2021,E-TRANSFER CA***MuB ,,200.00,35733.72
05/17/2021,E-TRANSFER CA***HdH ,,325.00,36058.72
05/18/2021,E-TRANSFER CA***m6N ,,245.00,36303.72
05/18/2021,E-TRANSFER CA***w2Q ,,10.00,36313.72
05/18/2021,E-TRANSFER CA***Fsq ,,1800.00,38113.72
05/18/2021,E-TRANSFER CA***csG ,,750.00,38863.72
05/18/2021,SEND E-TFR CA***zN8 ,3000.00,,35863.72
05/18/2021,E-TRANSFER CA***ghm ,,250.00,36113.72
05/18/2021,E-TRANSFER CA***hZK ,,100.00,36213.72
05/18/2021,E-TRANSFER CA***VzU ,,1900.00,38113.72
05/18/2021,E-TRANSFER CA***rmG ,,1000.00,39113.72
05/18/2021,E-TRANSFER CA***5te ,,50.00,39163.72
05/18/2021,E-TRANSFER CA***xTD ,,49.00,39212.72
05/18/2021,E-TRANSFER CA***nrq ,,20.00,39232.72
05/18/2021,E-TRANSFER CA***FDm ,,800.00,40032.72
05/18/2021,E-TRANSFER CA***HW7 ,,1600.00,41632.72
05/18/2021,E-TRANSFER CA***YHP ,,100.00,41732.72
05/19/2021,E-TRANSFER CA***CXF ,,3000.00,44732.72
05/19/2021,E-TRANSFER CA***UE2 ,,1300.00,46032.72
05/19/2021,E-TRANSFER CA***jNv ,,150.00,46182.72
05/19/2021,E-TRANSFER CA***RJT ,,500.00,46682.72
05/19/2021,E-TRANSFER CA***y4R ,,1000.00,47682.72
05/19/2021,E-TRANSFER CA***4Du ,,130.00,47812.72
05/19/2021,E-TRANSFER CA***yQR ,,343.78,48156.50
05/19/2021,E-TRANSFER CA***HDD ,,1000.00,49156.50
05/19/2021,E-TRANSFER CA***QRK ,,100.00,49256.50
05/19/2021,E-TRANSFER CA***wSR ,,1.00,49257.50
05/19/2021,E-TRANSFER CA***Q9A ,,100.00,49357.50
05/19/2021,E-TRANSFER CA***tEV ,,1.00,49358.50
05/19/2021,E-TRANSFER CA***u9N ,,850.00,50208.50
05/19/2021,E-TRANSFER CA***ZKb ,,1145.00,51353.50
05/19/2021,E-TRANSFER CA***V2M ,,1300.00,52653.50
05/19/2021,WIRE TO CUSTOMER    ,45000.00,,7653.50
05/19/2021,GC 8181-CASH WITHDRA,50.00,,7603.50
05/19/2021,E-TRANSFER CA***rpt ,,90.00,7693.50
05/19/2021,E-TRANSFER CA***T2E ,,820.00,8513.50
05/19/2021,E-TRANSFER CA***btG ,,1.00,8514.50
05/19/2021,E-TRANSFER CA***ZuJ ,,1233.00,9747.50
05/19/2021,E-TRANSFER CA***vBh ,,292.00,10039.50
05/19/2021,E-TRANSFER CA***HZY ,,500.00,10539.50
05/19/2021,E-TRANSFER CA***C8g ,,100.00,10639.50
05/19/2021,E-TRANSFER CA***5X6 ,,100.00,10739.50
05/19/2021,E-TRANSFER CA***nge ,,400.00,11139.50
05/19/2021,E-TRANSFER CA***APH ,,2999.00,14138.50
05/19/2021,E-TRANSFER CA***fDD ,,10.00,14148.50
05/20/2021,E-TRANSFER CA***4xX ,,800.00,14948.50
05/20/2021,E-TRANSFER CA***qYA ,,500.00,15448.50
05/20/2021,E-TRANSFER CA***4sB ,,1000.00,16448.50
05/20/2021,E-TRANSFER CA***gXv ,,800.00,17248.50
05/20/2021,E-TRANSFER CA***mRG ,,100.00,17348.50
05/20/2021,E-TRANSFER CA***AYU ,,100.00,17448.50
05/20/2021,E-TRANSFER CA***Jdp ,,2750.00,20198.50
05/20/2021,E-TRANSFER CA***uz7 ,,600.00,20798.50
05/20/2021,E-TRANSFER CA***R4S ,,330.00,21128.50
05/20/2021,E-TRANSFER CA***ft5 ,,2000.00,23128.50
05/20/2021,E-TRANSFER CA***Ach ,,1000.00,24128.50
05/20/2021,E-TRANSFER CA***BWq ,,5.00,24133.50
05/20/2021,E-TRANSFER CA***8TN ,,1000.00,25133.50
05/20/2021,E-TRANSFER CA***6XY ,,2550.00,27683.50
05/20/2021,E-TRANSFER CA***AAs ,,200.00,27883.50
05/20/2021,E-TRANSFER CA***CTk ,,500.00,28383.50
05/20/2021,E-TRANSFER CA***vxa ,,200.00,28583.50
05/20/2021,E-TRANSFER CA***M68 ,,860.00,29443.50
05/20/2021,E-TRANSFER CA***unU ,,600.00,30043.50
05/20/2021,E-TRANSFER CA***KBu ,,800.00,30843.50
05/20/2021,E-TRANSFER CA***EsG ,,260.00,31103.50
05/20/2021,E-TRANSFER CA***tCD ,,20.00,31123.50
05/20/2021,E-TRANSFER CA***fd6 ,,100.00,31223.50
05/20/2021,E-TRANSFER CA***5FG ,,20.00,31243.50
05/20/2021,WIRE TO CUSTOMER    ,20050.00,,11193.50
05/20/2021,E-TRANSFER CA***eJV ,,220.00,11413.50
05/20/2021,E-TRANSFER CA***pR4 ,,2000.00,13413.50
05/20/2021,E-TRANSFER CA***VAN ,,163.00,13576.50
05/20/2021,E-TRANSFER CA***44R ,,1.00,13577.50
05/20/2021,E-TRANSFER CA***98C ,,500.00,14077.50
05/20/2021,E-TRANSFER CA***5gR ,,813.00,14890.50
05/20/2021,E-TRANSFER CA***bW5 ,,2000.00,16890.50
05/20/2021,E-TRANSFER CA***UGm ,,99.00,16989.50
05/20/2021,E-TRANSFER CA***SX3 ,,15.00,17004.50
05/20/2021,E-TRANSFER CA***wJB ,,2000.00,19004.50
05/21/2021,E-TRANSFER CA***jb5 ,,81.00,19085.50
05/21/2021,E-TRANSFER CA***C2j ,,820.00,19905.50
05/21/2021,E-TRANSFER CA***qn6 ,,500.00,20405.50
05/21/2021,E-TRANSFER CA***qyS ,,50.00,20455.50
05/21/2021,E-TRANSFER CA***uBB ,,165.00,20620.50
05/21/2021,E-TRANSFER CA***hdR ,,1007.00,21627.50
05/21/2021,E-TRANSFER CA***FqW ,,100.00,21727.50
05/21/2021,E-TRANSFER CA***Kck ,,100.00,21827.50
05/21/2021,E-TRANSFER CA***wsg ,,200.00,22027.50
05/21/2021,E-TRANSFER CA***Xfm ,,616.00,22643.50
05/21/2021,E-TRANSFER CA***j4r ,,190.00,22833.50
05/21/2021,E-TRANSFER CA***NnN ,,300.00,23133.50
05/21/2021,E-TRANSFER CA***WFT ,,1980.00,25113.50
05/21/2021,210521S2326500WIRE  ,,982.50,26096.00
05/21/2021,E-TRANSFER CA***Uuk ,,3000.00,29096.00
05/21/2021,E-TRANSFER CA***Cah ,,3000.00,32096.00
05/21/2021,E-TRANSFER CA***4Sd ,,1000.00,33096.00
05/21/2021,E-TRANSFER CA***zYD ,,3000.00,36096.00
05/21/2021,E-TRANSFER CA***Q8P ,,3000.00,39096.00
05/21/2021,E-TRANSFER CA***S5k ,,200.00,39296.00
05/21/2021,E-TRANSFER CA***YuQ ,,3000.00,42296.00
05/21/2021,E-TRANSFER CA***73t ,,500.00,42796.00
05/21/2021,E-TRANSFER CA***GdW ,,250.00,43046.00
05/21/2021,WIRE TO CUSTOMER    ,40050.00,,2996.00
05/21/2021,E-TRANSFER CA***5jN ,,82.00,3078.00
05/21/2021,E-TRANSFER CA***6KX ,,10.00,3088.00
05/21/2021,E-TRANSFER CA***vFC ,,3000.00,6088.00
05/21/2021,E-TRANSFER CA***fna ,,50.00,6138.00
05/21/2021,E-TRANSFER CA***vyg ,,250.00,6388.00
05/21/2021,E-TRANSFER CA***AVw ,,2999.00,9387.00
05/21/2021,E-TRANSFER CA***D2n ,,1220.00,10607.00
05/21/2021,E-TRANSFER CA***brV ,,196.00,10803.00
05/25/2021,E-TRANSFER CA***5Pc ,,165.00,10968.00
05/25/2021,E-TRANSFER CA***MRw ,,850.00,11818.00
05/25/2021,E-TRANSFER CA***THN ,,200.00,12018.00
05/25/2021,E-TRANSFER CA***YJx ,,160.00,12178.00
05/25/2021,E-TRANSFER CA***g59 ,,976.00,13154.00
05/25/2021,E-TRANSFER CA***G85 ,,2400.00,15554.00
05/25/2021,E-TRANSFER CA***2En ,,500.00,16054.00
05/25/2021,E-TRANSFER CA***VhW ,,50.00,16104.00
05/25/2021,E-TRANSFER CA***GgW ,,60.00,16164.00
05/25/2021,E-TRANSFER CA***4MY ,,60.00,16224.00
05/25/2021,E-TRANSFER CA***2G4 ,,162.53,16386.53
05/25/2021,E-TRANSFER CA***vPk ,,1625.00,18011.53
05/25/2021,E-TRANSFER CA***jbu ,,1630.00,19641.53
05/25/2021,E-TRANSFER CA***Byy ,,1050.00,20691.53
05/25/2021,E-TRANSFER CA***B26 ,,150.00,20841.53
05/25/2021,E-TRANSFER CA***T7d ,,82.00,20923.53
05/25/2021,E-TRANSFER CA***Bdj ,,50.00,20973.53
05/25/2021,E-TRANSFER CA***k3U ,,5.00,20978.53
05/25/2021,E-TRANSFER CA***tVx ,,326.00,21304.53
05/25/2021,E-TRANSFER CA***aQB ,,110.00,21414.53
05/25/2021,E-TRANSFER CA***mfF ,,1626.00,23040.53
05/25/2021,E-TRANSFER CA***r9m ,,500.00,23540.53
05/25/2021,E-TRANSFER CA***8hJ ,,1000.00,24540.53
05/25/2021,E-TRANSFER CA***FVH ,,3000.00,27540.53
05/25/2021,E-TRANSFER CA***xsB ,,1000.00,28540.53
05/25/2021,E-TRANSFER CA***t3s ,,1000.00,29540.53
05/25/2021,E-TRANSFER CA***8Th ,,10.00,29550.53
05/25/2021,E-TRANSFER CA***q2G ,,100.00,29650.53
05/25/2021,E-TRANSFER CA***FEm ,,500.00,30150.53
05/25/2021,E-TRANSFER CA***RXZ ,,1000.00,31150.53
05/25/2021,E-TRANSFER CA***6FX ,,1630.00,32780.53
05/25/2021,E-TRANSFER CA***tej ,,330.00,33110.53
05/25/2021,E-TRANSFER CA***QaC ,,1640.00,34750.53
05/25/2021,E-TRANSFER CA***fwD ,,1.00,34751.53
05/25/2021,E-TRANSFER CA***wJE ,,0.27,34751.80
05/25/2021,E-TRANSFER CA***s6Q ,,300.00,35051.80
05/25/2021,E-TRANSFER CA***nqp ,,1280.00,36331.80
05/25/2021,E-TRANSFER CA***MSW ,,1.00,36332.80
05/25/2021,E-TRANSFER CA***Dfc ,,200.00,36532.80
05/25/2021,E-TRANSFER CA***TX8 ,,100.00,36632.80
05/25/2021,E-TRANSFER CA***2tm ,,15.00,36647.80
05/25/2021,E-TRANSFER CA***npy ,,85.00,36732.80
05/25/2021,E-TRANSFER CA***5p3 ,,1650.00,38382.80
05/25/2021,E-TRANSFER CA***CPr ,,160.00,38542.80
05/25/2021,E-TRANSFER CA***FwQ ,,400.00,38942.80
05/25/2021,E-TRANSFER CA***jxy ,,81.00,39023.80
05/25/2021,E-TRANSFER CA***ZVX ,,812.00,39835.80
05/25/2021,E-TRANSFER CA***Efx ,,150.00,39985.80
05/25/2021,E-TRANSFER CA***Wzd ,,1624.00,41609.80
05/25/2021,E-TRANSFER CA***Qct ,,400.00,42009.80
05/25/2021,E-TRANSFER CA***vSz ,,1625.00,43634.80
05/25/2021,E-TRANSFER CA***QNb ,,600.00,44234.80
05/25/2021,E-TRANSFER CA***uK9 ,,800.00,45034.80
05/25/2021,E-TRANSFER CA***Yt6 ,,200.00,45234.80
05/25/2021,E-TRANSFER CA***vz4 ,,500.00,45734.80
05/25/2021,E-TRANSFER CA***Y6c ,,1000.00,46734.80
05/25/2021,E-TRANSFER CA***GE7 ,,100.00,46834.80
05/25/2021,E-TRANSFER CA***dQU ,,110.00,46944.80
05/25/2021,E-TRANSFER CA***t8x ,,700.00,47644.80
05/25/2021,E-TRANSFER CA***RhZ ,,150.00,47794.80
05/25/2021,WIRE TO CUSTOMER    ,45050.00,,2744.80
05/25/2021,E-TRANSFER CA***NST ,,200.00,2944.80
05/25/2021,E-TRANSFER CA***Ydw ,,40.00,2984.80
05/25/2021,E-TRANSFER CA***Fyf ,,5.00,2989.80
05/25/2021,E-TRANSFER CA***ubc ,,800.00,3789.80
05/25/2021,E-TRANSFER CA***m6v ,,500.00,4289.80
05/25/2021,E-TRANSFER CA***kDY ,,1600.00,5889.80
05/25/2021,E-TRANSFER CA***GM3 ,,1200.00,7089.80
05/25/2021,E-TRANSFER CA***SBQ ,,125.00,7214.80
05/25/2021,E-TRANSFER CA***sJK ,,1000.00,8214.80
05/26/2021,E-TRANSFER CA***kbU ,,210.00,8424.80
05/26/2021,E-TRANSFER CA***h3T ,,250.00,8674.80
05/26/2021,E-TRANSFER CA***smm ,,1000.00,9674.80
05/26/2021,E-TRANSFER CA***EmU ,,30.00,9704.80
05/26/2021,E-TRANSFER CA***Znt ,,2000.00,11704.80
05/26/2021,E-TRANSFER CA***Y4C ,,1000.00,12704.80
05/26/2021,E-TRANSFER CA***DhY ,,500.00,13204.80
05/26/2021,E-TRANSFER CA***qAy ,,320.00,13524.80
05/26/2021,E-TRANSFER CA***erq ,,1910.00,15434.80
05/26/2021,E-TRANSFER CA***Xzp ,,163.82,15598.62
05/26/2021,E-TRANSFER CA***8sj ,,0.50,15599.12
05/26/2021,E-TRANSFER CA***w5w ,,0.10,15599.22
05/26/2021,E-TRANSFER CA***aqT ,,300.00,15899.22
05/26/2021,E-TRANSFER CA***YJD ,,500.00,16399.22
05/26/2021,E-TRANSFER CA***mR9 ,,300.00,16699.22
05/26/2021,E-TRANSFER CA***BhU ,,300.00,16999.22
05/26/2021,E-TRANSFER CA***xcu ,,500.00,17499.22
05/26/2021,E-TRANSFER CA***w8x ,,500.00,17999.22
05/26/2021,E-TRANSFER CA***trX ,,500.00,18499.22
05/26/2021,E-TRANSFER CA***TJ7 ,,300.00,18799.22
05/26/2021,E-TRANSFER CA***Jtb ,,820.00,19619.22
05/26/2021,E-TRANSFER CA***UsX ,,400.00,20019.22
05/26/2021,E-TRANSFER CA***Tpz ,,99.00,20118.22
05/26/2021,E-TRANSFER CA***38x ,,1650.00,21768.22
05/26/2021,E-TRANSFER CA***hU5 ,,500.00,22268.22
05/26/2021,E-TRANSFER CA***Ccy ,,100.00,22368.22
05/26/2021,E-TRANSFER CA***zdC ,,457.00,22825.22
05/26/2021,E-TRANSFER CA***rxe ,,300.00,23125.22
05/26/2021,E-TRANSFER CA***sCj ,,100.00,23225.22
05/27/2021,E-TRANSFER CA***62W ,,5.00,23230.22
05/27/2021,E-TRANSFER CA***GB9 ,,999.00,24229.22
05/27/2021,E-TRANSFER CA***8Z5 ,,815.00,25044.22
05/27/2021,E-TRANSFER CA***n5p ,,1000.00,26044.22
05/27/2021,E-TRANSFER CA***V63 ,,400.00,26444.22
05/27/2021,E-TRANSFER CA***eQZ ,,500.00,26944.22
05/27/2021,E-TRANSFER CA***Es9 ,,3000.00,29944.22
05/27/2021,E-TRANSFER CA***DSk ,,326.39,30270.61
05/27/2021,E-TRANSFER CA***dZk ,,3000.00,33270.61
05/27/2021,E-TRANSFER CA***QCW ,,1000.00,34270.61
05/27/2021,E-TRANSFER CA***48a ,,3000.00,37270.61
05/27/2021,WIRE TO CUSTOMER    ,35050.00,,2220.61
05/27/2021,E-TRANSFER CA***GhG ,,200.00,2420.61
05/27/2021,E-TRANSFER CA***Vkc ,,945.52,3366.13
05/27/2021,E-TRANSFER CA***XHU ,,2000.00,5366.13
05/28/2021,E-TRANSFER CA***bS3 ,,115.00,5481.13
05/28/2021,E-TRANSFER CA***mze ,,2000.00,7481.13
05/28/2021,E-TRANSFER CA***CXa ,,2000.00,9481.13
05/28/2021,E-TRANSFER CA***Msa ,,50.00,9531.13
05/28/2021,E-TRANSFER CA***whk ,,1000.00,10531.13
05/28/2021,E-TRANSFER CA***rRK ,,500.00,11031.13
05/28/2021,E-TRANSFER CA***KFH ,,100.00,11131.13
05/28/2021,E-TRANSFER CA***Rnn ,,35.00,11166.13
05/28/2021,E-TRANSFER CA***CeV ,,200.00,11366.13
05/28/2021,E-TRANSFER CA***qrK ,,999.00,12365.13
05/28/2021,E-TRANSFER CA***d4R ,,819.66,13184.79
05/28/2021,E-TRANSFER CA***SNQ ,,200.00,13384.79
05/28/2021,E-TRANSFER CA***8KD ,,650.00,14034.79
05/28/2021,E-TRANSFER CA***6Fc ,,999.00,15033.79
05/28/2021,E-TRANSFER CA***8Yz ,,2000.00,17033.79
05/28/2021,E-TRANSFER CA***FZa ,,20.00,17053.79
05/28/2021,E-TRANSFER CA***byj ,,500.00,17553.79
05/28/2021,E-TRANSFER CA***UUW ,,185.00,17738.79
05/28/2021,E-TRANSFER CA***S9q ,,10.00,17748.79
05/28/2021,E-TRANSFER CA***566 ,,328.00,18076.79
05/28/2021,E-TRANSFER CA***3xZ ,,1637.79,19714.58
05/28/2021,E-TRANSFER CA***5Gg ,,200.00,19914.58
05/31/2021,E-TRANSFER ***ZZp   ,,1500.00,21414.58
05/31/2021,E-TRANSFER ***Urz   ,,1650.00,23064.58
05/31/2021,E-TRANSFER ***DSn   ,,100.00,23164.58
05/31/2021,E-TRANSFER ***csR   ,,100.00,23264.58
05/31/2021,E-TRANSFER ***3qv   ,,1000.00,24264.58
05/31/2021,E-TRANSFER ***YHJ   ,,2000.00,26264.58
05/31/2021,E-TRANSFER ***XSX   ,,1000.00,27264.58
05/31/2021,E-TRANSFER ***5st   ,,700.00,27964.58
05/31/2021,E-TRANSFER ***V72   ,,1000.00,28964.58
05/31/2021,E-TRANSFER ***bYS   ,,1475.00,30439.58
05/31/2021,E-TRANSFER ***XP4   ,,1600.00,32039.58
05/31/2021,E-TRANSFER ***Nh5   ,,50.00,32089.58
05/31/2021,E-TRANSFER ***BRC   ,,1500.00,33589.58
05/31/2021,E-TRANSFER ***QDC   ,,800.00,34389.58
05/31/2021,E-TRANSFER ***9Qu   ,,1000.00,35389.58
05/31/2021,E-TRANSFER ***MQW   ,,300.00,35689.58
05/31/2021,E-TRANSFER ***78S   ,,3000.00,38689.58
05/31/2021,E-TRANSFER ***GPm   ,,100.00,38789.58
05/31/2021,E-TRANSFER ***6uq   ,,1.00,38790.58
05/31/2021,E-TRANSFER ***Cb2   ,,1.00,38791.58
05/31/2021,E-TRANSFER ***b2F   ,,700.00,39491.58
05/31/2021,E-TRANSFER ***HtG   ,,100.00,39591.58
05/31/2021,E-TRANSFER ***ypy   ,,100.00,39691.58
05/31/2021,E-TRANSFER ***jYw   ,,700.00,40391.58
05/31/2021,E-TRANSFER ***qAP   ,,100.00,40491.58
05/31/2021,E-TRANSFER ***qaZ   ,,900.00,41391.58
05/31/2021,E-TRANSFER ***Z4B   ,,984.00,42375.58
05/31/2021,E-TRANSFER ***ZMk   ,,1000.00,43375.58
05/31/2021,E-TRANSFER ***WXJ   ,,364.00,43739.58
05/31/2021,E-TRANSFER ***cFX   ,,150.00,43889.58
05/31/2021,E-TRANSFER ***GAa   ,,164.00,44053.58
05/31/2021,E-TRANSFER ***8Vq   ,,1200.00,45253.58
05/31/2021,E-TRANSFER ***YDz   ,,750.00,46003.58
05/31/2021,E-TRANSFER ***jVm   ,,197.00,46200.58
05/31/2021,E-TRANSFER ***9vZ   ,,1.00,46201.58
05/31/2021,E-TRANSFER ***FgV   ,,1.00,46202.58
05/31/2021,E-TRANSFER ***aen   ,,1650.00,47852.58
05/31/2021,E-TRANSFER ***rpR   ,,100.00,47952.58
05/31/2021,E-TRANSFER ***cx5   ,,820.00,48772.58
05/31/2021,E-TRANSFER ***AaF   ,,1885.00,50657.58
05/31/2021,E-TRANSFER ***B3W   ,,650.00,51307.58
05/31/2021,E-TRANSFER ***dgv   ,,800.00,52107.58
05/31/2021,E-TRANSFER ***rhd   ,,983.00,53090.58
05/31/2021,E-TRANSFER ***DcD   ,,400.00,53490.58
05/31/2021,E-TRANSFER ***ejG   ,,2000.00,55490.58
05/31/2021,E-TRANSFER ***pZd   ,,1645.00,57135.58
05/31/2021,E-TRANSFER ***XQG   ,,200.00,57335.58
05/31/2021,E-TRANSFER ***m5r   ,,100.00,57435.58
05/31/2021,E-TRANSFER ***7yx   ,,241.52,57677.10
05/31/2021,E-TRANSFER ***2EG   ,,660.00,58337.10
05/31/2021,E-TRANSFER ***Ywx   ,,50.00,58387.10
05/31/2021,E-TRANSFER ***Mxj   ,,1000.00,59387.10
05/31/2021,E-TRANSFER ***dxB   ,,1000.00,60387.10
05/31/2021,E-TRANSFER ***nTJ   ,,1000.00,61387.10
05/31/2021,E-TRANSFER ***wH7   ,,200.00,61587.10
05/31/2021,E-TRANSFER ***EEx   ,,2000.00,63587.10
05/31/2021,E-TRANSFER ***Xkd   ,,70.00,63657.10
05/31/2021,E-TRANSFER ***w3h   ,,300.00,63957.10
05/31/2021,E-TRANSFER ***ygr   ,,1650.00,65607.10
05/31/2021,E-TRANSFER ***Amx   ,,70.00,65677.10
05/31/2021,E-TRANSFER ***X6V   ,,200.00,65877.10
05/31/2021,E-TRANSFER ***dkb   ,,900.00,66777.10
05/31/2021,E-TRANSFER ***7un   ,,330.00,67107.10
05/31/2021,E-TRANSFER ***dZE   ,,1000.00,68107.10
05/31/2021,E-TRANSFER ***yuM   ,,410.00,68517.10
05/31/2021,E-TRANSFER ***XRm   ,,100.00,68617.10
05/31/2021,E-TRANSFER ***jxx   ,,300.00,68917.10
05/31/2021,E-TRANSFER ***e29   ,,320.00,69237.10
05/31/2021,E-TRANSFER ***fG5   ,,3000.00,72237.10
05/31/2021,WIRE TO CUSTOMER    ,45050.00,,27187.10
05/31/2021,E-TRANSFER ***sdZ   ,,7000.00,34187.10
05/31/2021,E-TRANSFER ***DTN   ,,100.00,34287.10
05/31/2021,E-TRANSFER ***hug   ,,1500.00,35787.10
05/31/2021,E-TRANSFER ***VSw   ,,1800.00,37587.10
05/31/2021,E-TRANSFER ***zAU   ,,120.00,37707.10
05/31/2021,E-TRANSFER ***AwD   ,,410.00,38117.10
05/31/2021,E-TRANSFER ***sPh   ,,100.00,38217.10
05/31/2021,E-TRANSFER ***r2C   ,,74.00,38291.10
05/31/2021,E-TRANSFER ***NKG   ,,164.00,38455.10
05/31/2021,E-TRANSFER ***2JU   ,,24.00,38479.10
05/31/2021,MONTHLY PLAN FEE    ,125.00,,38354.10
06/01/2021,E-TRANSFER ***dHX   ,,3700.00,42054.10
06/01/2021,E-TRANSFER ***3Q7   ,,1660.00,43714.10
06/01/2021,E-TRANSFER ***CrM   ,,100.00,43814.10
06/01/2021,E-TRANSFER ***PP2   ,,1000.00,44814.10
06/01/2021,E-TRANSFER ***CQA   ,,3000.00,47814.10
06/01/2021,E-TRANSFER ***p2n   ,,2000.00,49814.10
06/01/2021,E-TRANSFER ***aPv   ,,480.00,50294.10
06/01/2021,E-TRANSFER ***FVU   ,,10.00,50304.10
06/01/2021,E-TRANSFER ***d4x   ,,2000.00,52304.10
06/01/2021,E-TRANSFER ***3yH   ,,1620.00,53924.10
06/01/2021,E-TRANSFER ***9zM   ,,525.00,54449.10
06/01/2021,E-TRANSFER ***4A5   ,,82.00,54531.10
06/01/2021,E-TRANSFER ***u5D   ,,400.00,54931.10
06/01/2021,E-TRANSFER ***JbC   ,,999.00,55930.10
06/01/2021,E-TRANSFER ***Vet   ,,200.00,56130.10
06/01/2021,E-TRANSFER ***83g   ,,200.00,56330.10
06/01/2021,E-TRANSFER ***VgF   ,,2000.00,58330.10
06/01/2021,E-TRANSFER ***5UH   ,,100.00,58430.10
06/01/2021,E-TRANSFER ***y5C   ,,40.00,58470.10
06/01/2021,E-TRANSFER ***dga   ,,1000.00,59470.10
06/01/2021,E-TRANSFER ***NvF   ,,300.00,59770.10
06/01/2021,E-TRANSFER ***nZm   ,,250.00,60020.10
06/01/2021,E-TRANSFER ***T8E   ,,2252.00,62272.10
06/01/2021,E-TRANSFER ***sCr   ,,1000.00,63272.10
06/01/2021,E-TRANSFER ***Y4u   ,,2500.00,65772.10
06/01/2021,E-TRANSFER ***BBZ   ,,2500.00,68272.10
06/01/2021,E-TRANSFER ***JS4   ,,200.00,68472.10
06/01/2021,E-TRANSFER ***S5V   ,,1000.00,69472.10
06/01/2021,E-TRANSFER ***3dS   ,,2000.00,71472.10
06/01/2021,E-TRANSFER ***JUz   ,,400.00,71872.10
06/01/2021,E-TRANSFER ***vpC   ,,200.00,72072.10
06/01/2021,WIRE TO CUSTOMER    ,45000.00,,27072.10
06/01/2021,CASH WITHDRAWAL     ,50.00,,27022.10
06/01/2021,E-TRANSFER ***zur   ,,1400.00,28422.10
06/01/2021,E-TRANSFER ***m9W   ,,245.00,28667.10
06/01/2021,E-TRANSFER ***8xd   ,,300.00,28967.10
06/01/2021,E-TRANSFER ***kKx   ,,2700.00,31667.10
06/01/2021,E-TRANSFER ***bwH   ,,2999.00,34666.10
06/01/2021,SEND E-TFR ***ra3   ,400.00,,34266.10
06/01/2021,SEND E-TFR ***gzH   ,189.40,,34076.70
06/01/2021,E-TRANSFER ***TT8   ,,1000.00,35076.70
06/01/2021,E-TRANSFER ***4kB   ,,812.88,35889.58
06/01/2021,E-TRANSFER ***YSc   ,,1550.00,37439.58
06/01/2021,E-TRANSFER ***NEg   ,,2000.00,39439.58
06/01/2021,E-TRANSFER ***fVP   ,,300.00,39739.58
06/01/2021,E-TRANSFER ***UVc   ,,100.00,39839.58
06/01/2021,E-TRANSFER ***r4k   ,,800.00,40639.58
06/01/2021,E-TRANSFER ***jGW   ,,2000.00,42639.58
06/01/2021,E-TRANSFER ***z3S   ,,100.00,42739.58
06/01/2021,E-TRANSFER ***Enk   ,,1800.00,44539.58
06/01/2021,E-TRANSFER ***z3E   ,,200.00,44739.58
06/01/2021,E-TRANSFER ***9vN   ,,3000.00,47739.58
06/02/2021,E-TRANSFER ***Ckm   ,,1000.00,48739.58
06/02/2021,E-TRANSFER ***XCN   ,,120.00,48859.58
06/02/2021,E-TRANSFER ***zCA   ,,3000.00,51859.58
06/02/2021,E-TRANSFER ***8yr   ,,2000.00,53859.58
06/02/2021,E-TRANSFER ***tn6   ,,1.00,53860.58
06/02/2021,E-TRANSFER ***VTx   ,,3000.00,56860.58
06/02/2021,E-TRANSFER ***bG9   ,,999.00,57859.58
06/02/2021,E-TRANSFER ***Uqj   ,,200.00,58059.58
06/02/2021,E-TRANSFER ***dwM   ,,895.00,58954.58
06/02/2021,E-TRANSFER ***nVj   ,,163.00,59117.58
06/02/2021,E-TRANSFER ***YdZ   ,,500.00,59617.58
06/02/2021,E-TRANSFER ***W3E   ,,2100.00,61717.58
06/02/2021,E-TRANSFER ***et6   ,,450.00,62167.58
06/02/2021,E-TRANSFER ***4rY   ,,10.00,62177.58
06/02/2021,E-TRANSFER ***fUT   ,,2000.00,64177.58
06/02/2021,E-TRANSFER ***BB4   ,,800.00,64977.58
06/02/2021,E-TRANSFER ***eRH   ,,2500.00,67477.58
06/02/2021,E-TRANSFER ***KfS   ,,200.00,67677.58
06/02/2021,E-TRANSFER ***h3h   ,,500.00,68177.58
06/02/2021,E-TRANSFER ***DKS   ,,10.00,68187.58
06/02/2021,E-TRANSFER ***8rD   ,,162.00,68349.58
06/02/2021,E-TRANSFER ***GMc   ,,1626.00,69975.58
06/02/2021,E-TRANSFER ***eqV   ,,814.00,70789.58
06/02/2021,E-TRANSFER ***dtC   ,,1000.00,71789.58
06/02/2021,E-TRANSFER ***URV   ,,100.00,71889.58
06/02/2021,E-TRANSFER ***mum   ,,1.00,71890.58
06/02/2021,E-TRANSFER ***NqV   ,,10.00,71900.58
06/02/2021,E-TRANSFER ***RYM   ,,415.00,72315.58
06/02/2021,E-TRANSFER ***emg   ,,1530.00,73845.58
06/02/2021,WIRE TO CUSTOMER    ,45050.00,,28795.58
06/02/2021,E-TRANSFER ***tuV   ,,3000.00,31795.58
06/02/2021,E-TRANSFER ***XDC   ,,2000.00,33795.58
06/02/2021,E-TRANSFER ***FtW   ,,3000.00,36795.58
06/02/2021,E-TRANSFER ***p3V   ,,200.00,36995.58
06/02/2021,E-TRANSFER ***xNF   ,,3700.00,40695.58
06/02/2021,E-TRANSFER ***rmS   ,,1000.00,41695.58
06/02/2021,E-TRANSFER ***eMk   ,,25.00,41720.58
06/03/2021,E-TRANSFER ***zAs   ,,236.50,41957.08
06/03/2021,E-TRANSFER ***nVV   ,,950.00,42907.08
06/03/2021,E-TRANSFER ***Q2s   ,,100.00,43007.08
06/03/2021,E-TRANSFER ***HEg   ,,200.00,43207.08
06/03/2021,E-TRANSFER ***Rec   ,,3000.00,46207.08
06/03/2021,E-TRANSFER ***nYG   ,,2000.00,48207.08
06/03/2021,E-TRANSFER ***NQd   ,,100.00,48307.08
06/03/2021,E-TRANSFER ***FRt   ,,900.00,49207.08
06/03/2021,E-TRANSFER ***cmu   ,,162.00,49369.08
06/03/2021,E-TRANSFER ***4zK   ,,3000.00,52369.08
06/03/2021,E-TRANSFER ***Yk7   ,,300.00,52669.08
06/03/2021,E-TRANSFER ***kzM   ,,45.00,52714.08
06/03/2021,E-TRANSFER ***yqP   ,,850.00,53564.08
06/03/2021,E-TRANSFER ***4yB   ,,200.00,53764.08
06/03/2021,E-TRANSFER ***QPG   ,,400.00,54164.08
06/03/2021,E-TRANSFER ***tek   ,,3000.00,57164.08
06/03/2021,E-TRANSFER ***qVe   ,,3000.00,60164.08
06/03/2021,E-TRANSFER ***Ccj   ,,500.00,60664.08
06/03/2021,E-TRANSFER ***3Mh   ,,33.00,60697.08
06/03/2021,E-TRANSFER ***TBF   ,,800.00,61497.08
06/03/2021,SEND E-TFR ***8tU   ,2500.00,,58997.08
06/03/2021,E-TRANSFER ***4tZ   ,,50.00,59047.08
06/03/2021,E-TRANSFER ***fGd   ,,900.00,59947.08
06/03/2021,E-TRANSFER ***twj   ,,2000.00,61947.08
06/03/2021,E-TRANSFER ***5rm   ,,2500.00,64447.08
06/03/2021,E-TRANSFER ***bjK   ,,1.00,64448.08
06/03/2021,E-TRANSFER ***3Hb   ,,25.00,64473.08
06/03/2021,E-TRANSFER ***kkK   ,,3000.00,67473.08
06/03/2021,WIRE TO CUSTOMER    ,55050.00,,12423.08
06/03/2021,E-TRANSFER ***JG4   ,,300.00,12723.08
06/03/2021,E-TRANSFER ***qMx   ,,375.00,13098.08
06/03/2021,E-TRANSFER ***zBN   ,,200.00,13298.08
06/03/2021,E-TRANSFER ***K7r   ,,1.00,13299.08
06/03/2021,E-TRANSFER ***5nK   ,,10.00,13309.08
06/03/2021,E-TRANSFER ***2Sv   ,,1635.00,14944.08
06/03/2021,E-TRANSFER ***xXr   ,,550.00,15494.08
06/03/2021,E-TRANSFER ***3ge   ,,3000.00,18494.08
06/03/2021,E-TRANSFER ***C4c   ,,1635.00,20129.08
06/03/2021,E-TRANSFER ***bvy   ,,1000.00,21129.08
06/03/2021,E-TRANSFER ***uwy   ,,50.00,21179.08
06/03/2021,E-TRANSFER ***Us5   ,,3000.00,24179.08
06/03/2021,E-TRANSFER ***h7Y   ,,200.00,24379.08
06/03/2021,E-TRANSFER ***Jus   ,,630.00,25009.08
06/03/2021,E-TRANSFER ***qMr   ,,50.00,25059.08
06/04/2021,E-TRANSFER ***d2P   ,,200.00,25259.08
06/04/2021,E-TRANSFER ***TRZ   ,,80.00,25339.08
06/04/2021,E-TRANSFER ***Gtu   ,,900.00,26239.08
06/04/2021,E-TRANSFER ***bZV   ,,35.00,26274.08
06/04/2021,E-TRANSFER ***JcU   ,,1800.00,28074.08
06/04/2021,E-TRANSFER ***Esw   ,,1400.00,29474.08
06/04/2021,E-TRANSFER ***kmW   ,,500.00,29974.08
06/04/2021,E-TRANSFER ***UJs   ,,1000.00,30974.08
06/04/2021,E-TRANSFER ***fXg   ,,2500.00,33474.08
06/04/2021,E-TRANSFER ***DyN   ,,1000.00,34474.08
06/04/2021,E-TRANSFER ***BC3   ,,32.72,34506.80
06/04/2021,E-TRANSFER ***rxa   ,,60.00,34566.80
06/04/2021,E-TRANSFER ***wDK   ,,2500.00,37066.80
06/04/2021,E-TRANSFER ***YKZ   ,,817.00,37883.80
06/04/2021,E-TRANSFER ***ukP   ,,705.00,38588.80
06/04/2021,E-TRANSFER ***9AH   ,,10.00,38598.80
06/04/2021,E-TRANSFER ***T89   ,,10.00,38608.80
06/04/2021,E-TRANSFER ***gU4   ,,100.00,38708.80
06/04/2021,SEND E-TFR ***bgh   ,200.00,,38508.80
06/04/2021,E-TRANSFER ***uzb   ,,350.00,38858.80
06/04/2021,E-TRANSFER ***ZJh   ,,200.00,39058.80
06/04/2021,WIRE TO CUSTOMER    ,35050.00,,4008.80
06/04/2021,E-TRANSFER ***sYg   ,,200.00,4208.80
06/04/2021,E-TRANSFER ***qwW   ,,2451.00,6659.80
06/04/2021,E-TRANSFER ***rwB   ,,1635.00,8294.80
06/04/2021,E-TRANSFER ***CV6   ,,1000.00,9294.80
06/04/2021,E-TRANSFER ***Ree   ,,2100.00,11394.80
06/04/2021,E-TRANSFER ***pJH   ,,41.00,11435.80
06/04/2021,E-TRANSFER ***Yza   ,,1633.00,13068.80
06/04/2021,E-TRANSFER ***pV7   ,,20.00,13088.80
06/04/2021,E-TRANSFER ***KvW   ,,1000.00,14088.80
06/04/2021,E-TRANSFER ***KEz   ,,999.00,15087.80
06/04/2021,E-TRANSFER ***xnW   ,,200.00,15287.80
06/04/2021,E-TRANSFER ***AkW   ,,814.00,16101.80
06/04/2021,E-TRANSFER ***SxX   ,,480.00,16581.80
06/04/2021,E-TRANSFER ***TUx   ,,65.00,16646.80
06/04/2021,E-TRANSFER ***8DJ   ,,325.00,16971.80
06/04/2021,E-TRANSFER ***g82   ,,733.00,17704.80
06/04/2021,E-TRANSFER ***eMg   ,,490.00,18194.80
06/04/2021,E-TRANSFER ***aYv   ,,10.00,18204.80
06/04/2021,E-TRANSFER ***6NK   ,,300.00,18504.80
06/04/2021,E-TRANSFER ***GTr   ,,1000.00,19504.80
06/04/2021,E-TRANSFER ***m6Q   ,,460.00,19964.80
