05/26/2021,E-TRANSFER CA***kbU ,,210.00,8424.80
05/26/2021,E-TRANSFER CA***h3T ,,250.00,8674.80
05/26/2021,E-TRANSFER CA***smm ,,1000.00,9674.80
05/26/2021,E-TRANSFER CA***EmU ,,30.00,9704.80
05/26/2021,E-TRANSFER CA***Znt ,,2000.00,11704.80
05/26/2021,E-TRANSFER CA***Y4C ,,1000.00,12704.80
05/26/2021,E-TRANSFER CA***DhY ,,500.00,13204.80
05/26/2021,E-TRANSFER CA***qAy ,,320.00,13524.80
05/26/2021,E-TRANSFER CA***erq ,,1910.00,15434.80
05/26/2021,E-TRANSFER CA***Xzp ,,163.82,15598.62
05/26/2021,E-TRANSFER CA***8sj ,,0.50,15599.12
05/26/2021,E-TRANSFER CA***w5w ,,0.10,15599.22
05/26/2021,E-TRANSFER CA***aqT ,,300.00,15899.22
05/26/2021,E-TRANSFER CA***YJD ,,500.00,16399.22
05/26/2021,E-TRANSFER CA***mR9 ,,300.00,16699.22
05/26/2021,E-TRANSFER CA***BhU ,,300.00,16999.22
05/26/2021,E-TRANSFER CA***xcu ,,500.00,17499.22
05/26/2021,E-TRANSFER CA***w8x ,,500.00,17999.22
05/26/2021,E-TRANSFER CA***trX ,,500.00,18499.22
05/26/2021,E-TRANSFER CA***TJ7 ,,300.00,18799.22
05/26/2021,E-TRANSFER CA***Jtb ,,820.00,19619.22
05/26/2021,E-TRANSFER CA***UsX ,,400.00,20019.22
05/26/2021,E-TRANSFER CA***Tpz ,,99.00,20118.22
05/26/2021,E-TRANSFER CA***38x ,,1650.00,21768.22
05/26/2021,E-TRANSFER CA***hU5 ,,500.00,22268.22
05/26/2021,E-TRANSFER CA***Ccy ,,100.00,22368.22
05/26/2021,E-TRANSFER CA***zdC ,,457.00,22825.22
05/26/2021,E-TRANSFER CA***rxe ,,300.00,23125.22
05/26/2021,E-TRANSFER CA***sCj ,,100.00,23225.22
05/27/2021,E-TRANSFER CA***62W ,,5.00,23230.22
05/27/2021,E-TRANSFER CA***GB9 ,,999.00,24229.22
05/27/2021,E-TRANSFER CA***8Z5 ,,815.00,25044.22
05/27/2021,E-TRANSFER CA***n5p ,,1000.00,26044.22
05/27/2021,E-TRANSFER CA***V63 ,,400.00,26444.22
05/27/2021,E-TRANSFER CA***eQZ ,,500.00,26944.22
05/27/2021,E-TRANSFER CA***Es9 ,,3000.00,29944.22
05/27/2021,E-TRANSFER CA***DSk ,,326.39,30270.61
05/27/2021,E-TRANSFER CA***dZk ,,3000.00,33270.61
05/27/2021,E-TRANSFER CA***QCW ,,1000.00,34270.61
05/27/2021,E-TRANSFER CA***48a ,,3000.00,37270.61
05/27/2021,WIRE TO CUSTOMER    ,35050.00,,2220.61
05/27/2021,E-TRANSFER CA***GhG ,,200.00,2420.61
05/27/2021,E-TRANSFER CA***Vkc ,,945.52,3366.13
05/27/2021,E-TRANSFER CA***XHU ,,2000.00,5366.13
05/28/2021,E-TRANSFER CA***bS3 ,,115.00,5481.13
05/28/2021,E-TRANSFER CA***mze ,,2000.00,7481.13
05/28/2021,E-TRANSFER CA***CXa ,,2000.00,9481.13
05/28/2021,E-TRANSFER CA***Msa ,,50.00,9531.13
05/28/2021,E-TRANSFER CA***whk ,,1000.00,10531.13
05/28/2021,E-TRANSFER CA***rRK ,,500.00,11031.13
05/28/2021,E-TRANSFER CA***KFH ,,100.00,11131.13
05/28/2021,E-TRANSFER CA***Rnn ,,35.00,11166.13
05/28/2021,E-TRANSFER CA***CeV ,,200.00,11366.13
05/28/2021,E-TRANSFER CA***qrK ,,999.00,12365.13
05/28/2021,E-TRANSFER CA***d4R ,,819.66,13184.79
05/28/2021,E-TRANSFER CA***SNQ ,,200.00,13384.79
05/28/2021,E-TRANSFER CA***8KD ,,650.00,14034.79
05/28/2021,E-TRANSFER CA***6Fc ,,999.00,15033.79
05/28/2021,E-TRANSFER CA***8Yz ,,2000.00,17033.79
05/28/2021,E-TRANSFER CA***FZa ,,20.00,17053.79
05/28/2021,E-TRANSFER CA***byj ,,500.00,17553.79
05/28/2021,E-TRANSFER CA***UUW ,,185.00,17738.79
05/28/2021,E-TRANSFER CA***S9q ,,10.00,17748.79
05/28/2021,E-TRANSFER CA***566 ,,328.00,18076.79
05/28/2021,E-TRANSFER CA***3xZ ,,1637.79,19714.58
05/28/2021,E-TRANSFER CA***5Gg ,,200.00,19914.58
05/31/2021,E-TRANSFER ***ZZp   ,,1500.00,21414.58
05/31/2021,E-TRANSFER ***Urz   ,,1650.00,23064.58
05/31/2021,E-TRANSFER ***DSn   ,,100.00,23164.58
05/31/2021,E-TRANSFER ***csR   ,,100.00,23264.58
05/31/2021,E-TRANSFER ***3qv   ,,1000.00,24264.58
05/31/2021,E-TRANSFER ***YHJ   ,,2000.00,26264.58
05/31/2021,E-TRANSFER ***XSX   ,,1000.00,27264.58
05/31/2021,E-TRANSFER ***5st   ,,700.00,27964.58
05/31/2021,E-TRANSFER ***V72   ,,1000.00,28964.58
05/31/2021,E-TRANSFER ***bYS   ,,1475.00,30439.58
05/31/2021,E-TRANSFER ***XP4   ,,1600.00,32039.58
05/31/2021,E-TRANSFER ***Nh5   ,,50.00,32089.58
05/31/2021,E-TRANSFER ***BRC   ,,1500.00,33589.58
05/31/2021,E-TRANSFER ***QDC   ,,800.00,34389.58
05/31/2021,E-TRANSFER ***9Qu   ,,1000.00,35389.58
05/31/2021,E-TRANSFER ***MQW   ,,300.00,35689.58
05/31/2021,E-TRANSFER ***78S   ,,3000.00,38689.58
05/31/2021,E-TRANSFER ***GPm   ,,100.00,38789.58
05/31/2021,E-TRANSFER ***6uq   ,,1.00,38790.58
05/31/2021,E-TRANSFER ***Cb2   ,,1.00,38791.58
05/31/2021,E-TRANSFER ***b2F   ,,700.00,39491.58
05/31/2021,E-TRANSFER ***HtG   ,,100.00,39591.58
05/31/2021,E-TRANSFER ***ypy   ,,100.00,39691.58
05/31/2021,E-TRANSFER ***jYw   ,,700.00,40391.58
05/31/2021,E-TRANSFER ***qAP   ,,100.00,40491.58
05/31/2021,E-TRANSFER ***qaZ   ,,900.00,41391.58
05/31/2021,E-TRANSFER ***Z4B   ,,984.00,42375.58
05/31/2021,E-TRANSFER ***ZMk   ,,1000.00,43375.58
05/31/2021,E-TRANSFER ***WXJ   ,,364.00,43739.58
05/31/2021,E-TRANSFER ***cFX   ,,150.00,43889.58
05/31/2021,E-TRANSFER ***GAa   ,,164.00,44053.58
05/31/2021,E-TRANSFER ***8Vq   ,,1200.00,45253.58
05/31/2021,E-TRANSFER ***YDz   ,,750.00,46003.58
05/31/2021,E-TRANSFER ***jVm   ,,197.00,46200.58
05/31/2021,E-TRANSFER ***9vZ   ,,1.00,46201.58
05/31/2021,E-TRANSFER ***FgV   ,,1.00,46202.58
05/31/2021,E-TRANSFER ***aen   ,,1650.00,47852.58
05/31/2021,E-TRANSFER ***rpR   ,,100.00,47952.58
05/31/2021,E-TRANSFER ***cx5   ,,820.00,48772.58
05/31/2021,E-TRANSFER ***AaF   ,,1885.00,50657.58
05/31/2021,E-TRANSFER ***B3W   ,,650.00,51307.58
05/31/2021,E-TRANSFER ***dgv   ,,800.00,52107.58
05/31/2021,E-TRANSFER ***rhd   ,,983.00,53090.58
05/31/2021,E-TRANSFER ***DcD   ,,400.00,53490.58
05/31/2021,E-TRANSFER ***ejG   ,,2000.00,55490.58
05/31/2021,E-TRANSFER ***pZd   ,,1645.00,57135.58
05/31/2021,E-TRANSFER ***XQG   ,,200.00,57335.58
05/31/2021,E-TRANSFER ***m5r   ,,100.00,57435.58
05/31/2021,E-TRANSFER ***7yx   ,,241.52,57677.10
05/31/2021,E-TRANSFER ***2EG   ,,660.00,58337.10
05/31/2021,E-TRANSFER ***Ywx   ,,50.00,58387.10
05/31/2021,E-TRANSFER ***Mxj   ,,1000.00,59387.10
05/31/2021,E-TRANSFER ***dxB   ,,1000.00,60387.10
05/31/2021,E-TRANSFER ***nTJ   ,,1000.00,61387.10
05/31/2021,E-TRANSFER ***wH7   ,,200.00,61587.10
05/31/2021,E-TRANSFER ***EEx   ,,2000.00,63587.10
05/31/2021,E-TRANSFER ***Xkd   ,,70.00,63657.10
05/31/2021,E-TRANSFER ***w3h   ,,300.00,63957.10
05/31/2021,E-TRANSFER ***ygr   ,,1650.00,65607.10
05/31/2021,E-TRANSFER ***Amx   ,,70.00,65677.10
05/31/2021,E-TRANSFER ***X6V   ,,200.00,65877.10
05/31/2021,E-TRANSFER ***dkb   ,,900.00,66777.10
05/31/2021,E-TRANSFER ***7un   ,,330.00,67107.10
05/31/2021,E-TRANSFER ***dZE   ,,1000.00,68107.10
05/31/2021,E-TRANSFER ***yuM   ,,410.00,68517.10
05/31/2021,E-TRANSFER ***XRm   ,,100.00,68617.10
05/31/2021,E-TRANSFER ***jxx   ,,300.00,68917.10
05/31/2021,E-TRANSFER ***e29   ,,320.00,69237.10
05/31/2021,E-TRANSFER ***fG5   ,,3000.00,72237.10
05/31/2021,WIRE TO CUSTOMER    ,45050.00,,27187.10
05/31/2021,E-TRANSFER ***sdZ   ,,7000.00,34187.10
05/31/2021,E-TRANSFER ***DTN   ,,100.00,34287.10
05/31/2021,E-TRANSFER ***hug   ,,1500.00,35787.10
05/31/2021,E-TRANSFER ***VSw   ,,1800.00,37587.10
05/31/2021,E-TRANSFER ***zAU   ,,120.00,37707.10
05/31/2021,E-TRANSFER ***AwD   ,,410.00,38117.10
05/31/2021,E-TRANSFER ***sPh   ,,100.00,38217.10
05/31/2021,E-TRANSFER ***r2C   ,,74.00,38291.10
05/31/2021,E-TRANSFER ***NKG   ,,164.00,38455.10
05/31/2021,E-TRANSFER ***2JU   ,,24.00,38479.10
05/31/2021,MONTHLY PLAN FEE    ,125.00,,38354.10
06/01/2021,E-TRANSFER ***dHX   ,,3700.00,42054.10
06/01/2021,E-TRANSFER ***3Q7   ,,1660.00,43714.10
06/01/2021,E-TRANSFER ***CrM   ,,100.00,43814.10
06/01/2021,E-TRANSFER ***PP2   ,,1000.00,44814.10
06/01/2021,E-TRANSFER ***CQA   ,,3000.00,47814.10
06/01/2021,E-TRANSFER ***p2n   ,,2000.00,49814.10
06/01/2021,E-TRANSFER ***aPv   ,,480.00,50294.10
06/01/2021,E-TRANSFER ***FVU   ,,10.00,50304.10
06/01/2021,E-TRANSFER ***d4x   ,,2000.00,52304.10
06/01/2021,E-TRANSFER ***3yH   ,,1620.00,53924.10
06/01/2021,E-TRANSFER ***9zM   ,,525.00,54449.10
06/01/2021,E-TRANSFER ***4A5   ,,82.00,54531.10
06/01/2021,E-TRANSFER ***u5D   ,,400.00,54931.10
06/01/2021,E-TRANSFER ***JbC   ,,999.00,55930.10
06/01/2021,E-TRANSFER ***Vet   ,,200.00,56130.10
06/01/2021,E-TRANSFER ***83g   ,,200.00,56330.10
06/01/2021,E-TRANSFER ***VgF   ,,2000.00,58330.10
06/01/2021,E-TRANSFER ***5UH   ,,100.00,58430.10
06/01/2021,E-TRANSFER ***y5C   ,,40.00,58470.10
06/01/2021,E-TRANSFER ***dga   ,,1000.00,59470.10
06/01/2021,E-TRANSFER ***NvF   ,,300.00,59770.10
06/01/2021,E-TRANSFER ***nZm   ,,250.00,60020.10
06/01/2021,E-TRANSFER ***T8E   ,,2252.00,62272.10
06/01/2021,E-TRANSFER ***sCr   ,,1000.00,63272.10
06/01/2021,E-TRANSFER ***Y4u   ,,2500.00,65772.10
06/01/2021,E-TRANSFER ***BBZ   ,,2500.00,68272.10
06/01/2021,E-TRANSFER ***JS4   ,,200.00,68472.10
06/01/2021,E-TRANSFER ***S5V   ,,1000.00,69472.10
06/01/2021,E-TRANSFER ***3dS   ,,2000.00,71472.10
06/01/2021,E-TRANSFER ***JUz   ,,400.00,71872.10
06/01/2021,E-TRANSFER ***vpC   ,,200.00,72072.10
06/01/2021,WIRE TO CUSTOMER    ,45000.00,,27072.10
06/01/2021,CASH WITHDRAWAL     ,50.00,,27022.10
06/01/2021,E-TRANSFER ***zur   ,,1400.00,28422.10
06/01/2021,E-TRANSFER ***m9W   ,,245.00,28667.10
06/01/2021,E-TRANSFER ***8xd   ,,300.00,28967.10
06/01/2021,E-TRANSFER ***kKx   ,,2700.00,31667.10
06/01/2021,E-TRANSFER ***bwH   ,,2999.00,34666.10
06/01/2021,SEND E-TFR ***ra3   ,400.00,,34266.10
06/01/2021,SEND E-TFR ***gzH   ,189.40,,34076.70
06/01/2021,E-TRANSFER ***TT8   ,,1000.00,35076.70
06/01/2021,E-TRANSFER ***4kB   ,,812.88,35889.58
06/01/2021,E-TRANSFER ***YSc   ,,1550.00,37439.58
06/01/2021,E-TRANSFER ***NEg   ,,2000.00,39439.58
06/01/2021,E-TRANSFER ***fVP   ,,300.00,39739.58
06/01/2021,E-TRANSFER ***UVc   ,,100.00,39839.58
06/01/2021,E-TRANSFER ***r4k   ,,800.00,40639.58
06/01/2021,E-TRANSFER ***jGW   ,,2000.00,42639.58
06/01/2021,E-TRANSFER ***z3S   ,,100.00,42739.58
06/01/2021,E-TRANSFER ***Enk   ,,1800.00,44539.58
06/01/2021,E-TRANSFER ***z3E   ,,200.00,44739.58
06/01/2021,E-TRANSFER ***9vN   ,,3000.00,47739.58
06/02/2021,E-TRANSFER ***Ckm   ,,1000.00,48739.58
06/02/2021,E-TRANSFER ***XCN   ,,120.00,48859.58
06/02/2021,E-TRANSFER ***zCA   ,,3000.00,51859.58
06/02/2021,E-TRANSFER ***8yr   ,,2000.00,53859.58
06/02/2021,E-TRANSFER ***tn6   ,,1.00,53860.58
06/02/2021,E-TRANSFER ***VTx   ,,3000.00,56860.58
06/02/2021,E-TRANSFER ***bG9   ,,999.00,57859.58
06/02/2021,E-TRANSFER ***Uqj   ,,200.00,58059.58
06/02/2021,E-TRANSFER ***dwM   ,,895.00,58954.58
06/02/2021,E-TRANSFER ***nVj   ,,163.00,59117.58
06/02/2021,E-TRANSFER ***YdZ   ,,500.00,59617.58
06/02/2021,E-TRANSFER ***W3E   ,,2100.00,61717.58
06/02/2021,E-TRANSFER ***et6   ,,450.00,62167.58
06/02/2021,E-TRANSFER ***4rY   ,,10.00,62177.58
06/02/2021,E-TRANSFER ***fUT   ,,2000.00,64177.58
06/02/2021,E-TRANSFER ***BB4   ,,800.00,64977.58
06/02/2021,E-TRANSFER ***eRH   ,,2500.00,67477.58
06/02/2021,E-TRANSFER ***KfS   ,,200.00,67677.58
06/02/2021,E-TRANSFER ***h3h   ,,500.00,68177.58
06/02/2021,E-TRANSFER ***DKS   ,,10.00,68187.58
06/02/2021,E-TRANSFER ***8rD   ,,162.00,68349.58
06/02/2021,E-TRANSFER ***GMc   ,,1626.00,69975.58
06/02/2021,E-TRANSFER ***eqV   ,,814.00,70789.58
06/02/2021,E-TRANSFER ***dtC   ,,1000.00,71789.58
06/02/2021,E-TRANSFER ***URV   ,,100.00,71889.58
06/02/2021,E-TRANSFER ***mum   ,,1.00,71890.58
06/02/2021,E-TRANSFER ***NqV   ,,10.00,71900.58
06/02/2021,E-TRANSFER ***RYM   ,,415.00,72315.58
06/02/2021,E-TRANSFER ***emg   ,,1530.00,73845.58
06/02/2021,WIRE TO CUSTOMER    ,45050.00,,28795.58
06/02/2021,E-TRANSFER ***tuV   ,,3000.00,31795.58
06/02/2021,E-TRANSFER ***XDC   ,,2000.00,33795.58
06/02/2021,E-TRANSFER ***FtW   ,,3000.00,36795.58
06/02/2021,E-TRANSFER ***p3V   ,,200.00,36995.58
06/02/2021,E-TRANSFER ***xNF   ,,3700.00,40695.58
06/02/2021,E-TRANSFER ***rmS   ,,1000.00,41695.58
06/02/2021,E-TRANSFER ***eMk   ,,25.00,41720.58
06/03/2021,E-TRANSFER ***zAs   ,,236.50,41957.08
06/03/2021,E-TRANSFER ***nVV   ,,950.00,42907.08
06/03/2021,E-TRANSFER ***Q2s   ,,100.00,43007.08
06/03/2021,E-TRANSFER ***HEg   ,,200.00,43207.08
06/03/2021,E-TRANSFER ***Rec   ,,3000.00,46207.08
06/03/2021,E-TRANSFER ***nYG   ,,2000.00,48207.08
06/03/2021,E-TRANSFER ***NQd   ,,100.00,48307.08
06/03/2021,E-TRANSFER ***FRt   ,,900.00,49207.08
06/03/2021,E-TRANSFER ***cmu   ,,162.00,49369.08
06/03/2021,E-TRANSFER ***4zK   ,,3000.00,52369.08
06/03/2021,E-TRANSFER ***Yk7   ,,300.00,52669.08
06/03/2021,E-TRANSFER ***kzM   ,,45.00,52714.08
06/03/2021,E-TRANSFER ***yqP   ,,850.00,53564.08
06/03/2021,E-TRANSFER ***4yB   ,,200.00,53764.08
06/03/2021,E-TRANSFER ***QPG   ,,400.00,54164.08
06/03/2021,E-TRANSFER ***tek   ,,3000.00,57164.08
06/03/2021,E-TRANSFER ***qVe   ,,3000.00,60164.08
06/03/2021,E-TRANSFER ***Ccj   ,,500.00,60664.08
06/03/2021,E-TRANSFER ***3Mh   ,,33.00,60697.08
06/03/2021,E-TRANSFER ***TBF   ,,800.00,61497.08
06/03/2021,SEND E-TFR ***8tU   ,2500.00,,58997.08
06/03/2021,E-TRANSFER ***4tZ   ,,50.00,59047.08
06/03/2021,E-TRANSFER ***fGd   ,,900.00,59947.08
06/03/2021,E-TRANSFER ***twj   ,,2000.00,61947.08
06/03/2021,E-TRANSFER ***5rm   ,,2500.00,64447.08
06/03/2021,E-TRANSFER ***bjK   ,,1.00,64448.08
06/03/2021,E-TRANSFER ***3Hb   ,,25.00,64473.08
06/03/2021,E-TRANSFER ***kkK   ,,3000.00,67473.08
06/03/2021,WIRE TO CUSTOMER    ,55050.00,,12423.08
06/03/2021,E-TRANSFER ***JG4   ,,300.00,12723.08
06/03/2021,E-TRANSFER ***qMx   ,,375.00,13098.08
06/03/2021,E-TRANSFER ***zBN   ,,200.00,13298.08
06/03/2021,E-TRANSFER ***K7r   ,,1.00,13299.08
06/03/2021,E-TRANSFER ***5nK   ,,10.00,13309.08
06/03/2021,E-TRANSFER ***2Sv   ,,1635.00,14944.08
06/03/2021,E-TRANSFER ***xXr   ,,550.00,15494.08
06/03/2021,E-TRANSFER ***3ge   ,,3000.00,18494.08
06/03/2021,E-TRANSFER ***C4c   ,,1635.00,20129.08
06/03/2021,E-TRANSFER ***bvy   ,,1000.00,21129.08
06/03/2021,E-TRANSFER ***uwy   ,,50.00,21179.08
06/03/2021,E-TRANSFER ***Us5   ,,3000.00,24179.08
06/03/2021,E-TRANSFER ***h7Y   ,,200.00,24379.08
06/03/2021,E-TRANSFER ***Jus   ,,630.00,25009.08
06/03/2021,E-TRANSFER ***qMr   ,,50.00,25059.08
06/04/2021,E-TRANSFER ***d2P   ,,200.00,25259.08
06/04/2021,E-TRANSFER ***TRZ   ,,80.00,25339.08
06/04/2021,E-TRANSFER ***Gtu   ,,900.00,26239.08
06/04/2021,E-TRANSFER ***bZV   ,,35.00,26274.08
06/04/2021,E-TRANSFER ***JcU   ,,1800.00,28074.08
06/04/2021,E-TRANSFER ***Esw   ,,1400.00,29474.08
06/04/2021,E-TRANSFER ***kmW   ,,500.00,29974.08
06/04/2021,E-TRANSFER ***UJs   ,,1000.00,30974.08
06/04/2021,E-TRANSFER ***fXg   ,,2500.00,33474.08
06/04/2021,E-TRANSFER ***DyN   ,,1000.00,34474.08
06/04/2021,E-TRANSFER ***BC3   ,,32.72,34506.80
06/04/2021,E-TRANSFER ***rxa   ,,60.00,34566.80
06/04/2021,E-TRANSFER ***wDK   ,,2500.00,37066.80
06/04/2021,E-TRANSFER ***YKZ   ,,817.00,37883.80
06/04/2021,E-TRANSFER ***ukP   ,,705.00,38588.80
06/04/2021,E-TRANSFER ***9AH   ,,10.00,38598.80
06/04/2021,E-TRANSFER ***T89   ,,10.00,38608.80
06/04/2021,E-TRANSFER ***gU4   ,,100.00,38708.80
06/04/2021,SEND E-TFR ***bgh   ,200.00,,38508.80
06/04/2021,E-TRANSFER ***uzb   ,,350.00,38858.80
06/04/2021,E-TRANSFER ***ZJh   ,,200.00,39058.80
06/04/2021,WIRE TO CUSTOMER    ,35050.00,,4008.80
06/04/2021,E-TRANSFER ***sYg   ,,200.00,4208.80
06/04/2021,E-TRANSFER ***qwW   ,,2451.00,6659.80
06/04/2021,E-TRANSFER ***rwB   ,,1635.00,8294.80
06/04/2021,E-TRANSFER ***CV6   ,,1000.00,9294.80
06/04/2021,E-TRANSFER ***Ree   ,,2100.00,11394.80
06/04/2021,E-TRANSFER ***pJH   ,,41.00,11435.80
06/04/2021,E-TRANSFER ***Yza   ,,1633.00,13068.80
06/04/2021,E-TRANSFER ***pV7   ,,20.00,13088.80
06/04/2021,E-TRANSFER ***KvW   ,,1000.00,14088.80
06/04/2021,E-TRANSFER ***KEz   ,,999.00,15087.80
06/04/2021,E-TRANSFER ***xnW   ,,200.00,15287.80
06/04/2021,E-TRANSFER ***AkW   ,,814.00,16101.80
06/04/2021,E-TRANSFER ***SxX   ,,480.00,16581.80
06/04/2021,E-TRANSFER ***TUx   ,,65.00,16646.80
06/04/2021,E-TRANSFER ***8DJ   ,,325.00,16971.80
06/04/2021,E-TRANSFER ***g82   ,,733.00,17704.80
06/04/2021,E-TRANSFER ***eMg   ,,490.00,18194.80
06/04/2021,E-TRANSFER ***aYv   ,,10.00,18204.80
06/04/2021,E-TRANSFER ***6NK   ,,300.00,18504.80
06/04/2021,E-TRANSFER ***GTr   ,,1000.00,19504.80
06/04/2021,E-TRANSFER ***m6Q   ,,460.00,19964.80
06/07/2021,E-TRANSFER ***TKq   ,,3000.00,22964.80
06/07/2021,E-TRANSFER ***XTz   ,,500.00,23464.80
06/07/2021,E-TRANSFER ***s95   ,,500.00,23964.80
06/07/2021,E-TRANSFER ***awn   ,,30.00,23994.80
06/07/2021,E-TRANSFER ***Pv6   ,,800.00,24794.80
06/07/2021,E-TRANSFER ***Mmc   ,,7.00,24801.80
06/07/2021,E-TRANSFER ***3cT   ,,163.00,24964.80
06/07/2021,E-TRANSFER ***MHw   ,,2000.00,26964.80
06/07/2021,E-TRANSFER ***Yse   ,,1600.00,28564.80
06/07/2021,E-TRANSFER ***hNn   ,,50.00,28614.80
06/07/2021,E-TRANSFER ***2T6   ,,350.00,28964.80
06/07/2021,E-TRANSFER ***Usc   ,,40.00,29004.80
06/07/2021,E-TRANSFER ***cvk   ,,100.00,29104.80
06/07/2021,E-TRANSFER ***63P   ,,150.00,29254.80
06/07/2021,E-TRANSFER ***qZ2   ,,1000.00,30254.80
06/07/2021,E-TRANSFER ***RM4   ,,80.00,30334.80
06/07/2021,E-TRANSFER ***u59   ,,3000.00,33334.80
06/07/2021,E-TRANSFER ***kKG   ,,100.00,33434.80
06/07/2021,E-TRANSFER ***uCU   ,,80.00,33514.80
06/07/2021,E-TRANSFER ***YVk   ,,183.00,33697.80
06/07/2021,E-TRANSFER ***fWA   ,,150.00,33847.80
06/07/2021,E-TRANSFER ***VMZ   ,,200.00,34047.80
06/07/2021,E-TRANSFER ***eCG   ,,326.00,34373.80
06/07/2021,E-TRANSFER ***bpP   ,,581.70,34955.50
06/07/2021,E-TRANSFER ***XQ4   ,,10.00,34965.50
06/07/2021,E-TRANSFER ***PEP   ,,814.00,35779.50
06/07/2021,E-TRANSFER ***JNG   ,,489.00,36268.50
06/07/2021,E-TRANSFER ***Vff   ,,400.00,36668.50
06/07/2021,E-TRANSFER ***eDU   ,,1628.00,38296.50
06/07/2021,E-TRANSFER ***CDC   ,,400.00,38696.50
06/07/2021,E-TRANSFER ***dKP   ,,550.00,39246.50
06/07/2021,E-TRANSFER ***PeG   ,,400.00,39646.50
06/07/2021,E-TRANSFER ***8ff   ,,2457.00,42103.50
06/07/2021,E-TRANSFER ***SpK   ,,250.00,42353.50
06/07/2021,E-TRANSFER ***dZ9   ,,370.00,42723.50
06/07/2021,E-TRANSFER ***6vs   ,,1138.60,43862.10
06/07/2021,E-TRANSFER ***ypa   ,,150.00,44012.10
06/07/2021,E-TRANSFER ***bSH   ,,1650.00,45662.10
06/07/2021,E-TRANSFER ***tdf   ,,100.00,45762.10
06/07/2021,E-TRANSFER ***RnM   ,,100.00,45862.10
06/07/2021,E-TRANSFER ***nzb   ,,2000.00,47862.10
06/07/2021,E-TRANSFER ***BUv   ,,1600.00,49462.10
06/07/2021,E-TRANSFER ***KPt   ,,165.00,49627.10
06/07/2021,E-TRANSFER ***VqW   ,,300.00,49927.10
06/07/2021,E-TRANSFER ***ZpT   ,,817.00,50744.10
06/07/2021,E-TRANSFER ***9GE   ,,950.00,51694.10
06/07/2021,E-TRANSFER ***spj   ,,1300.00,52994.10
06/07/2021,E-TRANSFER ***ZX5   ,,100.00,53094.10
06/07/2021,E-TRANSFER ***6hV   ,,200.00,53294.10
06/07/2021,E-TRANSFER ***vFy   ,,129.00,53423.10
06/07/2021,E-TRANSFER ***8sg   ,,10.00,53433.10
06/07/2021,E-TRANSFER ***Vez   ,,300.00,53733.10
06/07/2021,E-TRANSFER ***DjQ   ,,2300.00,56033.10
06/07/2021,WIRE TO CUSTOMER    ,35050.00,,20983.10
06/07/2021,E-TRANSFER ***Y57   ,,60.00,21043.10
06/07/2021,E-TRANSFER ***NYC   ,,1.00,21044.10
06/07/2021,E-TRANSFER ***kbc   ,,90.00,21134.10
06/07/2021,E-TRANSFER ***BCc   ,,2000.00,23134.10
06/07/2021,E-TRANSFER ***CBV   ,,1700.00,24834.10
06/07/2021,E-TRANSFER ***E3p   ,,20.00,24854.10
06/07/2021,E-TRANSFER ***ghR   ,,818.00,25672.10
06/07/2021,E-TRANSFER ***CHx   ,,500.00,26172.10
06/07/2021,E-TRANSFER ***Qhe   ,,60.52,26232.62
06/07/2021,E-TRANSFER ***Q7u   ,,2000.00,28232.62
06/07/2021,E-TRANSFER ***Hqx   ,,300.00,28532.62
06/07/2021,E-TRANSFER ***URD   ,,100.00,28632.62
06/07/2021,E-TRANSFER ***teb   ,,100.00,28732.62
06/07/2021,E-TRANSFER ***9M6   ,,10.00,28742.62
06/08/2021,E-TRANSFER ***66F   ,,1637.00,30379.62
06/08/2021,E-TRANSFER ***yxz   ,,50.00,30429.62
06/08/2021,E-TRANSFER ***h5G   ,,2455.00,32884.62
06/08/2021,E-TRANSFER ***jvh   ,,10.00,32894.62
06/08/2021,E-TRANSFER ***mya   ,,530.00,33424.62
06/08/2021,E-TRANSFER ***ygk   ,,2500.00,35924.62
06/08/2021,E-TRANSFER ***ZcK   ,,10.00,35934.62
06/08/2021,E-TRANSFER ***d2d   ,,16.00,35950.62
06/08/2021,E-TRANSFER ***NVz   ,,800.00,36750.62
06/08/2021,E-TRANSFER ***P9y   ,,500.00,37250.62
06/08/2021,E-TRANSFER ***Vsk   ,,300.00,37550.62
06/08/2021,E-TRANSFER ***32N   ,,165.00,37715.62
06/08/2021,E-TRANSFER ***tqU   ,,425.00,38140.62
06/08/2021,E-TRANSFER ***Zcb   ,,500.00,38640.62
06/08/2021,E-TRANSFER ***ce4   ,,739.00,39379.62
06/08/2021,WIRE TO CUSTOMER    ,35050.00,,4329.62
06/08/2021,E-TRANSFER ***dHq   ,,2000.00,6329.62
06/08/2021,E-TRANSFER ***dZt   ,,900.00,7229.62
06/08/2021,E-TRANSFER ***v8j   ,,2500.00,9729.62
06/08/2021,E-TRANSFER ***TtB   ,,500.00,10229.62
06/08/2021,E-TRANSFER ***z2X   ,,825.00,11054.62
06/08/2021,E-TRANSFER ***JBs   ,,802.00,11856.62
06/08/2021,Zum Rails        MSP,500.00,,11356.62
06/08/2021,E-TRANSFER ***TxZ   ,,165.00,11521.62
06/08/2021,E-TRANSFER ***6NK   ,,300.00,11821.62
06/08/2021,E-TRANSFER ***U5r   ,,10.00,11831.62
06/08/2021,E-TRANSFER ***juX   ,,20.00,11851.62
06/09/2021,E-TRANSFER ***dRH   ,,2000.00,13851.62
06/09/2021,E-TRANSFER ***B95   ,,1000.00,14851.62
06/09/2021,E-TRANSFER ***5Tj   ,,800.00,15651.62
06/09/2021,E-TRANSFER ***5Q3   ,,700.00,16351.62
06/09/2021,E-TRANSFER ***uKs   ,,1690.00,18041.62
06/09/2021,E-TRANSFER ***czJ   ,,100.00,18141.62
06/09/2021,E-TRANSFER ***Ttd   ,,800.00,18941.62
06/09/2021,E-TRANSFER ***Mxb   ,,1000.00,19941.62
06/09/2021,E-TRANSFER ***dbZ   ,,1800.00,21741.62
06/09/2021,E-TRANSFER ***Mj3   ,,300.00,22041.62
06/09/2021,E-TRANSFER ***XFM   ,,230.00,22271.62
06/09/2021,E-TRANSFER ***3y5   ,,1.00,22272.62
06/09/2021,E-TRANSFER ***2j3   ,,1239.00,23511.62
06/09/2021,E-TRANSFER ***uVy   ,,130.77,23642.39
06/09/2021,WIRE TO CUSTOMER    ,20050.00,,3592.39
06/09/2021,E-TRANSFER ***GuN   ,,815.00,4407.39
06/09/2021,E-TRANSFER ***Vfe   ,,100.00,4507.39
06/09/2021,E-TRANSFER ***XB8   ,,1000.00,5507.39
06/09/2021,E-TRANSFER ***EKQ   ,,213.00,5720.39
06/09/2021,E-TRANSFER ***8SY   ,,850.00,6570.39
06/09/2021,E-TRANSFER ***nTG   ,,100.00,6670.39
06/09/2021,E-TRANSFER ***paN   ,,999.00,7669.39
06/10/2021,E-TRANSFER ***yst   ,,1000.00,8669.39
06/10/2021,E-TRANSFER ***S66   ,,910.00,9579.39
06/10/2021,E-TRANSFER ***vGY   ,,2000.00,11579.39
06/10/2021,E-TRANSFER ***WSN   ,,131.00,11710.39
06/10/2021,E-TRANSFER ***nNF   ,,200.00,11910.39
06/10/2021,E-TRANSFER ***bjY   ,,115.00,12025.39
06/10/2021,E-TRANSFER ***rEX   ,,100.00,12125.39
06/10/2021,E-TRANSFER ***Qqg   ,,1650.00,13775.39
06/10/2021,E-TRANSFER ***UnM   ,,300.00,14075.39
06/10/2021,E-TRANSFER ***KvV   ,,1230.00,15305.39
06/10/2021,E-TRANSFER ***5CB   ,,823.00,16128.39
06/10/2021,E-TRANSFER ***qpA   ,,327.00,16455.39
06/10/2021,E-TRANSFER ***vQ3   ,,50.00,16505.39
06/10/2021,E-TRANSFER ***stx   ,,817.00,17322.39
06/10/2021,E-TRANSFER ***pqe   ,,2000.00,19322.39
06/10/2021,E-TRANSFER ***Sym   ,,1632.79,20955.18
06/10/2021,E-TRANSFER ***UZ9   ,,100.00,21055.18
06/10/2021,E-TRANSFER ***bjm   ,,500.00,21555.18
06/10/2021,E-TRANSFER ***JtE   ,,981.00,22536.18
06/11/2021,E-TRANSFER ***m5r   ,,35.00,22571.18
06/11/2021,E-TRANSFER ***vb5   ,,50.00,22621.18
06/11/2021,E-TRANSFER ***w8r   ,,540.00,23161.18
06/11/2021,E-TRANSFER ***P2G   ,,1000.00,24161.18
06/11/2021,E-TRANSFER ***wWr   ,,850.00,25011.18
06/11/2021,E-TRANSFER ***bDV   ,,3000.00,28011.18
06/11/2021,E-TRANSFER ***bnV   ,,100.00,28111.18
06/11/2021,E-TRANSFER ***5zF   ,,1000.00,29111.18
06/11/2021,E-TRANSFER ***vps   ,,200.00,29311.18
06/11/2021,E-TRANSFER ***zCU   ,,500.00,29811.18
06/11/2021,E-TRANSFER ***T9j   ,,200.00,30011.18
06/11/2021,E-TRANSFER ***PPR   ,,141.00,30152.18
06/11/2021,E-TRANSFER ***mnu   ,,2000.00,32152.18
06/11/2021,WIRE TO CUSTOMER    ,30050.00,,2102.18
06/11/2021,E-TRANSFER ***kbM   ,,485.00,2587.18
06/11/2021,E-TRANSFER ***VAR   ,,1000.00,3587.18
06/11/2021,E-TRANSFER ***86x   ,,295.00,3882.18
06/11/2021,E-TRANSFER ***cFB   ,,200.00,4082.18
06/11/2021,E-TRANSFER ***K2A   ,,3000.00,7082.18
06/11/2021,E-TRANSFER ***8Gk   ,,1400.00,8482.18
06/11/2021,E-TRANSFER ***83V   ,,1000.00,9482.18
06/11/2021,E-TRANSFER ***tpe   ,,1634.00,11116.18
06/14/2021,E-TRANSFER ***CQG   ,,200.00,11316.18
06/14/2021,E-TRANSFER ***sAu   ,,1450.00,12766.18
06/14/2021,E-TRANSFER ***qMQ   ,,300.00,13066.18
06/14/2021,E-TRANSFER ***rPZ   ,,3000.00,16066.18
06/14/2021,E-TRANSFER ***Rtj   ,,250.00,16316.18
06/14/2021,E-TRANSFER ***Tzr   ,,500.00,16816.18
06/14/2021,E-TRANSFER ***cHT   ,,200.00,17016.18
06/14/2021,E-TRANSFER ***ZcF   ,,350.00,17366.18
06/14/2021,E-TRANSFER ***YJY   ,,1000.00,18366.18
06/14/2021,E-TRANSFER ***GhF   ,,1000.00,19366.18
06/14/2021,E-TRANSFER ***AbJ   ,,300.00,19666.18
06/14/2021,E-TRANSFER ***T29   ,,492.00,20158.18
06/14/2021,E-TRANSFER ***2kJ   ,,851.00,21009.18
06/14/2021,E-TRANSFER ***CKK   ,,900.00,21909.18
06/14/2021,E-TRANSFER ***D3v   ,,1199.00,23108.18
06/14/2021,E-TRANSFER ***ACw   ,,500.00,23608.18
06/14/2021,E-TRANSFER ***3Tz   ,,2460.00,26068.18
06/14/2021,E-TRANSFER ***tEm   ,,50.00,26118.18
06/14/2021,E-TRANSFER ***qj2   ,,300.00,26418.18
06/14/2021,E-TRANSFER ***c8C   ,,3000.00,29418.18
06/14/2021,E-TRANSFER ***26T   ,,852.00,30270.18
06/14/2021,E-TRANSFER ***RPX   ,,50.00,30320.18
06/14/2021,E-TRANSFER ***qW9   ,,4905.73,35225.91
06/14/2021,E-TRANSFER ***Z7B   ,,1500.00,36725.91
06/14/2021,E-TRANSFER ***cq2   ,,2944.00,39669.91
06/14/2021,E-TRANSFER ***CX6   ,,660.00,40329.91
06/14/2021,E-TRANSFER ***wfZ   ,,35.00,40364.91
06/14/2021,E-TRANSFER ***wR4   ,,100.00,40464.91
06/14/2021,E-TRANSFER ***KB4   ,,400.00,40864.91
06/14/2021,E-TRANSFER ***FQ7   ,,800.00,41664.91
06/14/2021,E-TRANSFER ***gEe   ,,2000.00,43664.91
06/14/2021,E-TRANSFER ***Xbn   ,,500.00,44164.91
06/14/2021,E-TRANSFER ***GTJ   ,,500.00,44664.91
06/14/2021,E-TRANSFER ***pYs   ,,500.00,45164.91
06/14/2021,E-TRANSFER ***TVM   ,,1250.00,46414.91
06/14/2021,E-TRANSFER ***Ryh   ,,195.00,46609.91
06/14/2021,E-TRANSFER ***VbR   ,,1.00,46610.91
06/14/2021,E-TRANSFER ***fMh   ,,1638.00,48248.91
06/14/2021,E-TRANSFER ***zT8   ,,2000.00,50248.91
06/14/2021,E-TRANSFER ***UFV   ,,330.00,50578.91
06/14/2021,E-TRANSFER ***5VZ   ,,500.00,51078.91
06/14/2021,E-TRANSFER ***5um   ,,234.00,51312.91
06/14/2021,E-TRANSFER ***nD3   ,,2000.00,53312.91
06/14/2021,E-TRANSFER ***TCn   ,,500.00,53812.91
06/14/2021,E-TRANSFER ***WwE   ,,51.00,53863.91
06/14/2021,E-TRANSFER ***rgT   ,,3000.00,56863.91
06/14/2021,E-TRANSFER ***8SJ   ,,1000.00,57863.91
06/14/2021,E-TRANSFER ***uhr   ,,100.00,57963.91
06/14/2021,E-TRANSFER ***ue9   ,,2001.00,59964.91
06/14/2021,E-TRANSFER ***fUA   ,,2000.00,61964.91
06/14/2021,E-TRANSFER ***rhw   ,,3000.00,64964.91
06/14/2021,E-TRANSFER ***JM9   ,,115.00,65079.91
06/14/2021,E-TRANSFER ***Jtd   ,,1800.00,66879.91
06/14/2021,E-TRANSFER ***rz3   ,,280.00,67159.91
06/14/2021,E-TRANSFER ***gHk   ,,500.00,67659.91
06/14/2021,E-TRANSFER ***GQM   ,,999.00,68658.91
06/14/2021,E-TRANSFER ***5wq   ,,100.00,68758.91
06/14/2021,E-TRANSFER ***Jc2   ,,30.00,68788.91
06/14/2021,E-TRANSFER ***tMA   ,,1070.00,69858.91
06/14/2021,E-TRANSFER ***XpX   ,,2500.00,72358.91
06/14/2021,E-TRANSFER ***cQB   ,,2500.00,74858.91
06/14/2021,E-TRANSFER ***7ab   ,,500.00,75358.91
06/14/2021,E-TRANSFER ***Fd5   ,,400.00,75758.91
06/14/2021,E-TRANSFER ***u3T   ,,51.00,75809.91
06/14/2021,E-TRANSFER ***gBj   ,,80.00,75889.91
06/14/2021,E-TRANSFER ***EDt   ,,5.00,75894.91
06/14/2021,E-TRANSFER ***TJk   ,,326.00,76220.91
06/14/2021,E-TRANSFER ***RuH   ,,835.00,77055.91
06/14/2021,E-TRANSFER ***eTr   ,,3000.00,80055.91
06/14/2021,WIRE TO CUSTOMER    ,45050.00,,35005.91
06/14/2021,E-TRANSFER ***thr   ,,200.00,35205.91
06/14/2021,E-TRANSFER ***3kb   ,,2000.00,37205.91
06/14/2021,E-TRANSFER ***Vby   ,,2999.00,40204.91
06/14/2021,E-TRANSFER ***P4g   ,,600.00,40804.91
06/14/2021,E-TRANSFER ***78v   ,,2.00,40806.91
06/14/2021,E-TRANSFER ***Rq4   ,,900.00,41706.91
06/14/2021,E-TRANSFER ***p9t   ,,400.00,42106.91
06/15/2021,E-TRANSFER ***XAg   ,,170.00,42276.91
06/15/2021,E-TRANSFER ***xBr   ,,900.00,43176.91
06/15/2021,E-TRANSFER ***2Y7   ,,150.00,43326.91
06/15/2021,E-TRANSFER ***ANu   ,,440.00,43766.91
06/15/2021,E-TRANSFER ***acy   ,,2000.00,45766.91
06/15/2021,E-TRANSFER ***ssb   ,,3000.00,48766.91
06/15/2021,E-TRANSFER ***r9M   ,,500.00,49266.91
06/15/2021,E-TRANSFER ***F98   ,,2000.00,51266.91
06/15/2021,E-TRANSFER ***vNs   ,,124.00,51390.91
06/15/2021,E-TRANSFER ***EsA   ,,1650.00,53040.91
06/15/2021,E-TRANSFER ***U7h   ,,3000.00,56040.91
06/15/2021,E-TRANSFER ***2Hr   ,,2500.00,58540.91
06/15/2021,E-TRANSFER ***BQZ   ,,999.00,59539.91
06/15/2021,E-TRANSFER ***CNd   ,,2000.00,61539.91
06/15/2021,E-TRANSFER ***nPj   ,,2000.00,63539.91
06/15/2021,E-TRANSFER ***KsM   ,,1000.00,64539.91
06/15/2021,E-TRANSFER ***HrP   ,,500.00,65039.91
06/15/2021,E-TRANSFER ***zbd   ,,1440.00,66479.91
06/15/2021,E-TRANSFER ***Aeu   ,,2500.00,68979.91
06/15/2021,WIRE TO CUSTOMER    ,60050.00,,8929.91
06/15/2021,E-TRANSFER ***PUn   ,,300.00,9229.91
06/15/2021,E-TRANSFER ***np7   ,,165.00,9394.91
06/15/2021,E-TRANSFER ***q9M   ,,337.78,9732.69
06/15/2021,E-TRANSFER ***sy9   ,,300.00,10032.69
06/15/2021,E-TRANSFER ***ZXA   ,,100.00,10132.69
06/15/2021,E-TRANSFER ***rJA   ,,700.00,10832.69
06/15/2021,E-TRANSFER ***MaJ   ,,100.00,10932.69
06/15/2021,E-TRANSFER ***BPV   ,,10.00,10942.69
06/15/2021,E-TRANSFER ***2Bw   ,,295.00,11237.69
06/15/2021,E-TRANSFER ***t4a   ,,115.00,11352.69
06/15/2021,E-TRANSFER ***Sbv   ,,361.00,11713.69
06/15/2021,E-TRANSFER ***Ad9   ,,155.00,11868.69
06/15/2021,E-TRANSFER ***Msn   ,,350.00,12218.69
06/15/2021,E-TRANSFER ***na8   ,,1000.00,13218.69
06/15/2021,E-TRANSFER ***yuu   ,,1200.00,14418.69
06/16/2021,E-TRANSFER ***dS2   ,,1.00,14419.69
06/16/2021,E-TRANSFER ***qvN   ,,246.00,14665.69
06/16/2021,E-TRANSFER ***NFX   ,,820.00,15485.69
06/16/2021,E-TRANSFER ***mw3   ,,2500.00,17985.69
06/16/2021,E-TRANSFER ***ugM   ,,1600.00,19585.69
06/16/2021,E-TRANSFER ***AKK   ,,655.00,20240.69
06/16/2021,E-TRANSFER ***h2X   ,,164.00,20404.69
06/16/2021,E-TRANSFER ***aEY   ,,245.00,20649.69
06/16/2021,E-TRANSFER ***pRb   ,,199.00,20848.69
06/16/2021,E-TRANSFER ***8PM   ,,500.00,21348.69
06/16/2021,E-TRANSFER ***ASJ   ,,500.00,21848.69
06/16/2021,E-TRANSFER ***HMb   ,,2000.00,23848.69
06/16/2021,E-TRANSFER ***Zjz   ,,200.00,24048.69
06/16/2021,E-TRANSFER ***YQC   ,,1995.00,26043.69
06/16/2021,E-TRANSFER ***pXj   ,,1000.00,27043.69
06/16/2021,E-TRANSFER ***DMx   ,,163.63,27207.32
06/16/2021,E-TRANSFER ***nC3   ,,200.00,27407.32
06/16/2021,E-TRANSFER ***bpy   ,,3000.00,30407.32
06/16/2021,E-TRANSFER ***J7G   ,,1000.00,31407.32
06/16/2021,E-TRANSFER ***HsP   ,,164.00,31571.32
06/16/2021,E-TRANSFER ***Fce   ,,500.00,32071.32
06/16/2021,E-TRANSFER ***THY   ,,200.00,32271.32
06/16/2021,E-TRANSFER ***2vA   ,,500.00,32771.32
06/16/2021,E-TRANSFER ***PKn   ,,328.00,33099.32
06/16/2021,E-TRANSFER ***YBV   ,,200.00,33299.32
06/16/2021,E-TRANSFER ***A3K   ,,1500.00,34799.32
06/16/2021,E-TRANSFER ***xcy   ,,575.00,35374.32
06/16/2021,E-TRANSFER ***cNb   ,,200.00,35574.32
06/16/2021,WIRE TO CUSTOMER    ,30050.00,,5524.32
06/16/2021,E-TRANSFER ***MwJ   ,,3000.00,8524.32
06/16/2021,E-TRANSFER ***42s   ,,164.00,8688.32
06/16/2021,E-TRANSFER ***MUE   ,,100.00,8788.32
06/16/2021,E-TRANSFER ***vSC   ,,50.00,8838.32
06/16/2021,E-TRANSFER ***WkK   ,,99.00,8937.32
06/16/2021,E-TRANSFER ***SzN   ,,800.00,9737.32
06/16/2021,E-TRANSFER ***znu   ,,820.00,10557.32
06/16/2021,E-TRANSFER ***xer   ,,1000.00,11557.32
06/16/2021,E-TRANSFER ***Ruj   ,,55.00,11612.32
06/16/2021,E-TRANSFER ***Zu8   ,,220.00,11832.32
06/16/2021,E-TRANSFER ***p2Z   ,,250.00,12082.32
06/17/2021,E-TRANSFER ***Gbz   ,,45.00,12127.32
06/17/2021,E-TRANSFER ***dUv   ,,100.00,12227.32
06/17/2021,E-TRANSFER ***FeM   ,,1000.00,13227.32
06/17/2021,E-TRANSFER ***aEG   ,,2000.00,15227.32
06/17/2021,E-TRANSFER ***Grv   ,,1070.00,16297.32
06/17/2021,E-TRANSFER ***DYu   ,,350.00,16647.32
06/17/2021,E-TRANSFER ***BTZ   ,,800.00,17447.32
06/17/2021,E-TRANSFER ***x9W   ,,50.00,17497.32
06/17/2021,E-TRANSFER ***u2u   ,,2000.00,19497.32
06/17/2021,E-TRANSFER ***nuM   ,,1632.00,21129.32
06/17/2021,E-TRANSFER ***ymY   ,,130.00,21259.32
06/17/2021,E-TRANSFER ***86V   ,,165.00,21424.32
06/17/2021,E-TRANSFER ***STm   ,,2200.00,23624.32
06/17/2021,E-TRANSFER ***WGd   ,,165.00,23789.32
06/17/2021,E-TRANSFER ***BCW   ,,1800.00,25589.32
06/17/2021,E-TRANSFER ***G4r   ,,100.00,25689.32
06/17/2021,E-TRANSFER ***yTM   ,,800.00,26489.32
06/17/2021,E-TRANSFER ***AER   ,,329.00,26818.32
06/17/2021,E-TRANSFER ***2z9   ,,1640.00,28458.32
06/17/2021,E-TRANSFER ***kyQ   ,,1000.00,29458.32
06/17/2021,E-TRANSFER ***Gm4   ,,491.00,29949.32
06/17/2021,E-TRANSFER ***9qe   ,,655.00,30604.32
06/17/2021,E-TRANSFER ***Py4   ,,200.00,30804.32
06/17/2021,E-TRANSFER ***cAF   ,,307.00,31111.32
06/17/2021,E-TRANSFER ***M5K   ,,10.00,31121.32
06/17/2021,E-TRANSFER ***3jZ   ,,100.00,31221.32
06/17/2021,E-TRANSFER ***dET   ,,670.00,31891.32
06/17/2021,E-TRANSFER ***b8e   ,,1700.00,33591.32
06/17/2021,E-TRANSFER ***9bR   ,,3000.00,36591.32
06/17/2021,E-TRANSFER ***kh8   ,,50.00,36641.32
06/17/2021,E-TRANSFER ***Zcc   ,,80.00,36721.32
06/17/2021,E-TRANSFER ***PsP   ,,250.00,36971.32
06/17/2021,E-TRANSFER ***hWp   ,,150.00,37121.32
06/18/2021,E-TRANSFER ***XYq   ,,480.00,37601.32
06/18/2021,E-TRANSFER ***asT   ,,100.00,37701.32
06/18/2021,E-TRANSFER ***zYK   ,,1700.00,39401.32
06/18/2021,E-TRANSFER ***Fra   ,,166.00,39567.32
06/18/2021,E-TRANSFER ***Qne   ,,54.00,39621.32
06/18/2021,E-TRANSFER ***QNh   ,,1712.00,41333.32
06/18/2021,E-TRANSFER ***rqS   ,,460.00,41793.32
06/18/2021,E-TRANSFER ***P7x   ,,500.00,42293.32
06/18/2021,E-TRANSFER ***qfy   ,,999.00,43292.32
06/18/2021,E-TRANSFER ***nfu   ,,100.00,43392.32
06/18/2021,E-TRANSFER ***qGr   ,,90.00,43482.32
06/18/2021,E-TRANSFER ***58W   ,,200.00,43682.32
06/18/2021,E-TRANSFER ***5UG   ,,1000.00,44682.32
06/18/2021,E-TRANSFER ***h9e   ,,825.00,45507.32
06/18/2021,E-TRANSFER ***kqq   ,,1000.00,46507.32
06/18/2021,E-TRANSFER ***2Au   ,,900.00,47407.32
06/18/2021,E-TRANSFER ***U6B   ,,2000.00,49407.32
06/18/2021,WIRE TO CUSTOMER    ,45050.00,,4357.32
06/18/2021,E-TRANSFER ***5pe   ,,1000.00,5357.32
06/18/2021,E-TRANSFER ***a9M   ,,500.00,5857.32
06/18/2021,E-TRANSFER ***Aq8   ,,1000.00,6857.32
06/18/2021,E-TRANSFER ***jbm   ,,1007.59,7864.91
06/18/2021,E-TRANSFER ***kqP   ,,1800.00,9664.91
06/18/2021,E-TRANSFER ***yrM   ,,1000.00,10664.91
06/18/2021,E-TRANSFER ***7hs   ,,699.00,11363.91
06/18/2021,E-TRANSFER ***SpG   ,,600.00,11963.91
06/18/2021,E-TRANSFER ***cdQ   ,,165.00,12128.91
06/18/2021,E-TRANSFER ***8n5   ,,1200.00,13328.91
06/18/2021,E-TRANSFER ***TaP   ,,800.00,14128.91
06/18/2021,E-TRANSFER ***Mjq   ,,3000.00,17128.91
06/18/2021,E-TRANSFER ***tfy   ,,100.00,17228.91
06/18/2021,E-TRANSFER ***C9M   ,,160.00,17388.91
06/18/2021,E-TRANSFER ***fBZ   ,,2000.00,19388.91
06/18/2021,E-TRANSFER ***D2X   ,,10.00,19398.91
06/21/2021,E-TRANSFER ***nzr   ,,995.00,20393.91
06/21/2021,E-TRANSFER ***FXA   ,,700.00,21093.91
06/21/2021,E-TRANSFER ***qMB   ,,83.00,21176.91
06/21/2021,E-TRANSFER ***2UK   ,,500.00,21676.91
06/21/2021,E-TRANSFER ***3TX   ,,25.00,21701.91
06/21/2021,E-TRANSFER ***TVa   ,,600.00,22301.91
06/21/2021,E-TRANSFER ***Ucn   ,,250.00,22551.91
06/21/2021,E-TRANSFER ***H3f   ,,10.00,22561.91
06/21/2021,E-TRANSFER ***DnD   ,,65.00,22626.91
06/21/2021,E-TRANSFER ***EXg   ,,1000.00,23626.91
06/21/2021,E-TRANSFER ***fFb   ,,1500.00,25126.91
06/21/2021,E-TRANSFER ***4bv   ,,100.00,25226.91
06/21/2021,E-TRANSFER ***BJZ   ,,1000.00,26226.91
06/21/2021,E-TRANSFER ***MgM   ,,151.00,26377.91
06/21/2021,E-TRANSFER ***9p3   ,,1000.00,27377.91
06/21/2021,E-TRANSFER ***xhB   ,,2000.00,29377.91
06/21/2021,E-TRANSFER ***QP7   ,,3000.00,32377.91
06/21/2021,E-TRANSFER ***9UK   ,,57.00,32434.91
06/21/2021,E-TRANSFER ***2s8   ,,2000.00,34434.91
06/21/2021,E-TRANSFER ***Mwr   ,,414.13,34849.04
06/21/2021,E-TRANSFER ***UeP   ,,100.00,34949.04
06/21/2021,E-TRANSFER ***Fgd   ,,850.00,35799.04
06/21/2021,E-TRANSFER ***z9C   ,,200.00,35999.04
06/21/2021,E-TRANSFER ***Nds   ,,1000.00,36999.04
06/21/2021,E-TRANSFER ***n7t   ,,1000.00,37999.04
06/21/2021,E-TRANSFER ***jxP   ,,900.00,38899.04
06/21/2021,E-TRANSFER ***bpz   ,,2000.00,40899.04
06/21/2021,E-TRANSFER ***7XP   ,,290.00,41189.04
06/21/2021,E-TRANSFER ***Un4   ,,400.00,41589.04
06/21/2021,E-TRANSFER ***J6y   ,,1100.00,42689.04
06/21/2021,E-TRANSFER ***RZy   ,,165.65,42854.69
06/21/2021,E-TRANSFER ***Bds   ,,100.00,42954.69
06/21/2021,E-TRANSFER ***M78   ,,300.00,43254.69
06/21/2021,E-TRANSFER ***EP7   ,,200.00,43454.69
06/21/2021,E-TRANSFER ***MM6   ,,660.00,44114.69
06/21/2021,E-TRANSFER ***4j8   ,,100.00,44214.69
06/21/2021,E-TRANSFER ***wQg   ,,50.00,44264.69
06/21/2021,E-TRANSFER ***7FY   ,,180.00,44444.69
06/21/2021,E-TRANSFER ***PJC   ,,200.00,44644.69
06/21/2021,E-TRANSFER ***wQN   ,,663.00,45307.69
06/21/2021,E-TRANSFER ***KcW   ,,167.00,45474.69
06/21/2021,E-TRANSFER ***gYN   ,,500.00,45974.69
06/21/2021,E-TRANSFER ***E4W   ,,500.00,46474.69
06/21/2021,E-TRANSFER ***gEv   ,,100.00,46574.69
06/21/2021,E-TRANSFER ***D5z   ,,40.00,46614.69
06/21/2021,E-TRANSFER ***e2R   ,,325.00,46939.69
06/21/2021,E-TRANSFER ***fc5   ,,600.00,47539.69
06/21/2021,E-TRANSFER ***tmc   ,,750.00,48289.69
06/21/2021,E-TRANSFER ***7tE   ,,828.00,49117.69
06/21/2021,E-TRANSFER ***Bzb   ,,500.00,49617.69
06/21/2021,E-TRANSFER ***peG   ,,170.00,49787.69
06/21/2021,E-TRANSFER ***qmD   ,,10.00,49797.69
06/21/2021,E-TRANSFER ***VjS   ,,760.00,50557.69
06/21/2021,E-TRANSFER ***5s5   ,,25.00,50582.69
06/21/2021,E-TRANSFER ***PRn   ,,1800.00,52382.69
06/21/2021,E-TRANSFER ***QtV   ,,2477.00,54859.69
06/21/2021,E-TRANSFER ***B5A   ,,100.00,54959.69
06/21/2021,E-TRANSFER ***BsM   ,,85.00,55044.69
06/21/2021,E-TRANSFER ***nsP   ,,50.00,55094.69
06/21/2021,E-TRANSFER ***QbC   ,,200.00,55294.69
06/21/2021,E-TRANSFER ***SMj   ,,165.00,55459.69
06/21/2021,E-TRANSFER ***Pck   ,,400.00,55859.69
06/21/2021,E-TRANSFER ***zqB   ,,750.00,56609.69
06/21/2021,E-TRANSFER ***AS3   ,,89.00,56698.69
06/21/2021,E-TRANSFER ***eZf   ,,822.00,57520.69
06/21/2021,WIRE TO CUSTOMER    ,55050.00,,2470.69
06/21/2021,E-TRANSFER ***eEp   ,,1000.00,3470.69
06/21/2021,E-TRANSFER ***pwS   ,,240.00,3710.69
06/21/2021,E-TRANSFER ***CC4   ,,3000.00,6710.69
06/21/2021,E-TRANSFER ***P2v   ,,873.00,7583.69
06/21/2021,E-TRANSFER ***CJM   ,,83.00,7666.69
06/21/2021,E-TRANSFER ***FwG   ,,24.00,7690.69
06/21/2021,E-TRANSFER ***9cy   ,,5000.00,12690.69
06/21/2021,E-TRANSFER ***6vk   ,,1000.00,13690.69
06/22/2021,E-TRANSFER ***2WZ   ,,116.00,13806.69
06/22/2021,E-TRANSFER ***D5b   ,,1000.00,14806.69
06/22/2021,E-TRANSFER ***qzy   ,,1061.00,15867.69
06/22/2021,E-TRANSFER ***BPV   ,,4500.00,20367.69
06/22/2021,E-TRANSFER ***9ft   ,,160.00,20527.69
06/22/2021,E-TRANSFER ***uFS   ,,410.00,20937.69
06/22/2021,E-TRANSFER ***4Wz   ,,1100.00,22037.69
06/22/2021,SEND E-TFR ***p87   ,20.00,,22017.69
06/22/2021,E-TRANSFER ***6GD   ,,25.00,22042.69
06/22/2021,E-TRANSFER ***cpK   ,,3000.00,25042.69
06/22/2021,E-TRANSFER ***DBe   ,,1.00,25043.69
06/22/2021,E-TRANSFER ***kD2   ,,400.00,25443.69
06/22/2021,E-TRANSFER ***JT5   ,,980.00,26423.69
06/22/2021,WIRE TO CUSTOMER    ,25050.00,,1373.69
06/22/2021,E-TRANSFER ***TPn   ,,900.00,2273.69
06/22/2021,E-TRANSFER ***ggs   ,,1200.00,3473.69
06/22/2021,E-TRANSFER ***GMk   ,,1000.00,4473.69
06/22/2021,E-TRANSFER ***VZq   ,,500.00,4973.69
06/22/2021,E-TRANSFER ***Ngf   ,,100.00,5073.69
06/22/2021,E-TRANSFER ***vzK   ,,7520.00,12593.69
06/22/2021,E-TRANSFER ***EYQ   ,,1000.00,13593.69
06/22/2021,E-TRANSFER ***Fu7   ,,825.00,14418.69
06/22/2021,E-TRANSFER ***Ckm   ,,500.00,14918.69
06/22/2021,E-TRANSFER ***exG   ,,500.00,15418.69
06/22/2021,E-TRANSFER ***6T8   ,,700.00,16118.69
06/22/2021,E-TRANSFER ***6hJ   ,,3000.00,19118.69
06/22/2021,E-TRANSFER ***BTA   ,,1000.00,20118.69
06/22/2021,E-TRANSFER ***gfg   ,,2000.00,22118.69
06/22/2021,E-TRANSFER ***9SD   ,,400.00,22518.69
06/22/2021,E-TRANSFER ***6Np   ,,10.00,22528.69
06/22/2021,E-TRANSFER ***am4   ,,5.00,22533.69
06/22/2021,E-TRANSFER ***VuX   ,,200.00,22733.69
06/22/2021,E-TRANSFER ***z5b   ,,450.00,23183.69
06/22/2021,E-TRANSFER ***2Q8   ,,1000.00,24183.69
06/22/2021,E-TRANSFER ***eTh   ,,200.00,24383.69
06/22/2021,E-TRANSFER ***svx   ,,587.00,24970.69
06/22/2021,E-TRANSFER ***Uhk   ,,2000.00,26970.69
06/23/2021,E-TRANSFER ***Ybq   ,,250.00,27220.69
06/23/2021,E-TRANSFER ***Qx8   ,,985.00,28205.69
06/23/2021,E-TRANSFER ***5Yp   ,,410.00,28615.69
06/23/2021,E-TRANSFER ***wXq   ,,65.30,28680.99
06/23/2021,E-TRANSFER ***vg2   ,,800.00,29480.99
06/23/2021,E-TRANSFER ***6QG   ,,30.00,29510.99
06/23/2021,E-TRANSFER ***7b3   ,,500.00,30010.99
06/23/2021,E-TRANSFER ***8zn   ,,27.00,30037.99
06/23/2021,E-TRANSFER ***mHQ   ,,600.00,30637.99
06/23/2021,E-TRANSFER ***8w5   ,,50.00,30687.99
06/23/2021,E-TRANSFER ***rGq   ,,200.00,30887.99
06/23/2021,E-TRANSFER ***tBj   ,,400.00,31287.99
06/23/2021,E-TRANSFER ***cPC   ,,1700.00,32987.99
06/23/2021,E-TRANSFER ***Ttb   ,,85.00,33072.99
06/23/2021,E-TRANSFER ***XM3   ,,10.00,33082.99
06/23/2021,E-TRANSFER ***YFU   ,,200.00,33282.99
06/23/2021,E-TRANSFER ***quK   ,,817.00,34099.99
06/23/2021,E-TRANSFER ***zkU   ,,200.00,34299.99
06/23/2021,E-TRANSFER ***Nav   ,,600.00,34899.99
06/23/2021,E-TRANSFER ***Y2D   ,,815.00,35714.99
06/23/2021,SEND E-TFR ***VnX   ,2000.00,,33714.99
06/23/2021,WIRE TO CUSTOMER    ,30050.00,,3664.99
06/23/2021,E-TRANSFER ***huY   ,,20.00,3684.99
06/23/2021,E-TRANSFER ***dGF   ,,870.00,4554.99
06/23/2021,E-TRANSFER ***cTr   ,,250.00,4804.99
06/23/2021,E-TRANSFER ***deQ   ,,960.00,5764.99
06/23/2021,E-TRANSFER ***5MJ   ,,200.00,5964.99
06/23/2021,E-TRANSFER ***Fhz   ,,817.00,6781.99
06/23/2021,E-TRANSFER ***nkV   ,,500.00,7281.99
06/23/2021,E-TRANSFER ***XyH   ,,118.00,7399.99
06/23/2021,E-TRANSFER ***A9s   ,,40.00,7439.99
06/23/2021,E-TRANSFER ***jzG   ,,100.00,7539.99
06/23/2021,E-TRANSFER ***bTr   ,,480.00,8019.99
06/23/2021,E-TRANSFER ***284   ,,33.00,8052.99
06/23/2021,E-TRANSFER ***xmm   ,,250.00,8302.99
06/23/2021,E-TRANSFER ***gmk   ,,84.00,8386.99
06/24/2021,E-TRANSFER ***Erv   ,,165.00,8551.99
06/24/2021,E-TRANSFER ***BHj   ,,10.00,8561.99
06/24/2021,E-TRANSFER ***nZ8   ,,700.00,9261.99
06/24/2021,E-TRANSFER ***48J   ,,1630.00,10891.99
06/24/2021,E-TRANSFER ***AvF   ,,1250.00,12141.99
06/24/2021,E-TRANSFER ***Hs9   ,,850.00,12991.99
06/24/2021,E-TRANSFER ***jmr   ,,3000.00,15991.99
06/24/2021,E-TRANSFER ***cB4   ,,200.00,16191.99
06/24/2021,E-TRANSFER ***BDH   ,,817.00,17008.99
06/24/2021,E-TRANSFER ***KU3   ,,1000.00,18008.99
06/24/2021,E-TRANSFER ***dEF   ,,1640.00,19648.99
06/24/2021,E-TRANSFER ***7fH   ,,500.00,20148.99
06/24/2021,E-TRANSFER ***UX8   ,,300.00,20448.99
06/24/2021,E-TRANSFER ***g2h   ,,245.00,20693.99
06/24/2021,E-TRANSFER ***XhA   ,,80.00,20773.99
06/24/2021,E-TRANSFER ***WCR   ,,100.00,20873.99
06/24/2021,WIRE TO CUSTOMER    ,20050.00,,823.99
06/24/2021,E-TRANSFER ***Jtd   ,,2800.00,3623.99
06/24/2021,E-TRANSFER ***fAv   ,,1650.00,5273.99
06/24/2021,E-TRANSFER ***qRf   ,,1000.00,6273.99
06/24/2021,E-TRANSFER ***Bcr   ,,100.00,6373.99
06/24/2021,E-TRANSFER ***mSC   ,,125.00,6498.99
06/24/2021,E-TRANSFER ***Q42   ,,580.00,7078.99
